-- phpMyAdmin SQL Dump
-- version 5.2.1
-- https://www.phpmyadmin.net/
--
-- Host: 127.0.0.1
-- Generation Time: Nov 16, 2023 at 02:08 PM
-- Server version: 10.4.28-MariaDB
-- PHP Version: 8.0.28

SET SQL_MODE = "NO_AUTO_VALUE_ON_ZERO";
START TRANSACTION;
SET time_zone = "+00:00";


/*!40101 SET @OLD_CHARACTER_SET_CLIENT=@@CHARACTER_SET_CLIENT */;
/*!40101 SET @OLD_CHARACTER_SET_RESULTS=@@CHARACTER_SET_RESULTS */;
/*!40101 SET @OLD_COLLATION_CONNECTION=@@COLLATION_CONNECTION */;
/*!40101 SET NAMES utf8mb4 */;

--
-- Database: `bbeims_db`
--

-- --------------------------------------------------------

--
-- Table structure for table `evacuee`
--

CREATE TABLE `evacuee` (
  `id` int(6) NOT NULL,
  `lname` varchar(50) DEFAULT NULL,
  `fname` varchar(50) DEFAULT NULL,
  `mname` varchar(50) DEFAULT NULL,
  `contact` varchar(15) DEFAULT NULL,
  `birthday` date DEFAULT NULL,
  `gender` varchar(1) DEFAULT 'N',
  `civil_status` varchar(20) DEFAULT 'SINGLE',
  `address` varchar(255) DEFAULT NULL,
  `representative` int(6) DEFAULT NULL,
  `evac_id` int(6) DEFAULT NULL,
  `incident_id` int(6) DEFAULT NULL,
  `incident_date` datetime DEFAULT NULL,
  `deletedflag` int(1) DEFAULT 0,
  `updated_by` int(6) DEFAULT NULL,
  `updated_date` datetime DEFAULT NULL,
  `created_by` int(6) DEFAULT NULL,
  `created_date` datetime DEFAULT current_timestamp()
) ENGINE=InnoDB DEFAULT CHARSET=utf8mb4 COLLATE=utf8mb4_general_ci;

--
-- Dumping data for table `evacuee`
--

INSERT INTO `evacuee` (`id`, `lname`, `fname`, `mname`, `contact`, `birthday`, `gender`, `civil_status`, `address`, `representative`, `evac_id`, `incident_id`, `incident_date`, `deletedflag`, `updated_by`, `updated_date`, `created_by`, `created_date`) VALUES
(1, 'ABAD', 'MARLYN', 'BRONDIAL', '264075735', '1954-06-12', 'F', 'M', '939 MRR TRACK ST., BRGY. BARANGKA IBABA', 1, 1, 1, '2023-11-07 20:00:00', 0, 1, '2023-11-16 20:00:59', 1, '2023-11-09 21:18:58'),
(2, 'ABASTILLAS', 'ANTONIO', 'QUIJANO', '09737482755', '1961-03-01', 'M', 'M', '943 MRR TRACK ST., BRGY. BARANGKA IBABA', 2, NULL, NULL, NULL, 0, 1, '2023-11-15 08:21:42', 1, '2023-11-09 21:20:39'),
(3, 'ADONA', 'DAISY', 'NUESTRO', '09266163420', '1963-10-15', 'F', 'W', '933 MRR TRACK ST., BRGY. BARANGKA IBABA', 3, NULL, NULL, NULL, 0, 1, '2023-11-09 21:47:01', 1, '2023-11-09 21:23:06'),
(4, 'ALABADO', 'MARIA VICTORIA', 'PEREZ', '09777077145', '1962-11-20', 'F', 'W', '948 MRR TRACK ST., BRGY. BARANGKA IBABA', 4, NULL, NULL, NULL, 0, 1, '2023-11-16 20:14:51', 1, '2023-11-09 21:24:11'),
(5, 'ALMADEN', 'JONATHAN', 'CASTRO', '09356063578', '1977-08-22', 'M', 'S', '930A MRR TRACK ST., BRGY. BARANGKA IBABA', 5, NULL, NULL, NULL, 0, 1, '2023-11-16 20:24:38', 1, '2023-11-09 21:26:10'),
(6, 'ANCIADO', 'ANGELITA', 'GUATLO', '09651087373', '1960-08-25', 'M', 'M', '931A MRR TRACK ST., BRGY. BARANGKA IBABA', 6, NULL, NULL, NULL, 0, 1, '2023-11-16 20:25:41', 1, '2023-11-09 21:27:26'),
(7, 'ARNAIZ', 'GODOFREDO', 'MANURADO', '09353003931', '1954-05-05', 'M', 'M', '935 MRR TRACK ST., BRGY. BARANGKA IBABA', 7, NULL, NULL, NULL, 0, 1, '2023-11-09 21:49:41', 1, '2023-11-09 21:30:13'),
(8, 'AVESTRUZ', 'WILFREDO', 'GUIANAN', '09277483639', '1952-10-31', 'M', 'W', '937 MRR TRACK ST., BRGY. BARANGKA IBABA', 8, NULL, NULL, NULL, 0, 1, '2023-11-09 21:50:29', 1, '2023-11-09 21:35:36'),
(9, 'AYUMAN', 'JOSIEPHINE', 'GOZON', '09777953520', '1963-11-14', 'F', 'M', '940 MRR TRACK ST., BRGY. BARANGKA IBABA', 9, NULL, NULL, NULL, 0, 1, '2023-11-16 20:50:04', 1, '2023-11-09 21:37:21'),
(10, 'AZARRAGA', 'GEMMA', 'DELGADO', '09184975699', '1972-08-15', 'F', 'M', '949 MRR TRACK ST., BRGY. BARANGKA IBABA', 10, NULL, NULL, NULL, 0, 1, '2023-11-09 21:51:55', 1, '2023-11-09 21:38:56'),
(11, 'ABAD', 'WILLIAM', 'BRONDIAL', 'N/A', '1948-09-03', 'M', 'M', '939 MRR TRACK ST., BRGY. BARANGKA IBABA', 1, 1, 1, '2023-11-07 20:00:00', 0, 1, '2023-11-16 20:00:59', 1, '2023-11-09 21:55:20'),
(12, 'ABAD', 'WILLIAM JR.', 'BRONDIAL', '09889771254', '1976-08-24', 'M', 'SP', '939 MRR TRACK ST., BRGY. BARANGKA IBABA', 1, 1, 1, '2023-11-07 20:00:00', 0, 1, '2023-11-16 20:00:59', 1, '2023-11-09 21:58:30'),
(13, 'ABAD', 'WILLIAM III', 'BRONDIAL', '09297613855', '1981-03-12', 'M', 'SP', '939 MRR TRACK ST., BRGY. BARANGKA IBABA', 1, 1, 1, '2023-11-07 20:00:00', 0, 1, '2023-11-16 20:00:59', 1, '2023-11-09 22:05:16'),
(14, 'ABAD', 'MICHELLE', 'BRONDIAL', '09155837024', '1978-03-18', 'F', 'SP', '939 MRR TRACK ST., BRGY. BARANGKA IBABA', 1, 1, 1, '2023-11-07 20:00:00', 0, 1, '2023-11-16 20:00:59', 1, '2023-11-09 22:06:10'),
(15, 'ABAD', 'MARY ROSE', 'BRONDIAL', '09776427653', '1987-07-18', 'F', 'S', '939 MRR TRACK ST., BRGY. BARANGKA IBABA', 1, 1, 1, '2023-11-07 20:00:00', 0, 1, '2023-11-16 20:00:59', 1, '2023-11-09 22:07:47'),
(16, 'ABAD', 'MHELANIE', 'BRONDIAL', '0972957693', '1995-12-17', 'F', 'S', '939 MRR TRACK ST., BRGY. BARANGKA IBABA', 1, 1, 1, '2023-11-07 20:00:00', 0, 1, '2023-11-16 20:00:59', 1, '2023-11-09 22:09:08'),
(17, 'ROMERO', 'NATHALIE', 'ABAD', 'N/A', '2014-07-22', 'F', 'S', '939 MRR TRACK ST., BRGY. BARANGKA IBABA', 1, 1, 1, '2023-11-07 20:00:00', 0, 1, '2023-11-16 20:00:59', 1, '2023-11-09 22:13:25'),
(18, 'REYES', 'ALIYAH CASSANDRA', 'ABAD', '09476395847', '2008-06-16', 'F', 'S', '939 MRR TRACK ST., BRGY. BARANGKA IBABA', 1, 1, 1, '2023-11-07 20:00:00', 0, 1, '2023-11-16 20:00:59', 1, '2023-11-09 22:14:43'),
(19, 'BERNAL', 'DELIA', 'GARUDA', '09560483043', '1953-05-15', 'F', 'W', '941 MRR TRACK ST., BRGY. BARANGKA IBABA', 19, NULL, NULL, NULL, 0, NULL, NULL, 1, '2023-11-09 22:15:25'),
(20, 'ABASTILLAS', 'ELENA', 'BRASAS', '09193978925', '1960-12-01', 'F', 'M', '943 MRR TRACK ST., BRGY. BARANGKA IBABA', 2, NULL, NULL, NULL, 0, 1, '2023-11-15 08:21:42', 1, '2023-11-10 19:46:26'),
(21, 'ABASTILLAS', 'CHRISTIAN', 'BRASAS', '09877461298', '1989-05-30', 'M', 'S', '943 MRR TRACK ST., BRGY. BARANGKA IBABA', 2, NULL, NULL, NULL, 0, 1, '2023-11-15 08:21:42', 1, '2023-11-10 19:50:31'),
(22, 'ABASTILLAS', 'ZYRA', 'BRASAS', '09556317384', '1992-06-01', 'F', 'S', '943 MRR TRACK ST., BRGY. BARANGKA IBABA', 2, NULL, NULL, NULL, 0, 1, '2023-11-15 08:21:42', 1, '2023-11-10 19:55:15'),
(23, 'ABASTILLAS', 'KARL', 'BRASAS', '09784627446', '1998-10-05', 'M', 'S', '943 MRR TRACK ST., BRGY. BARANGKA IBABA', 2, NULL, NULL, NULL, 0, 1, '2023-11-15 08:21:42', 1, '2023-11-10 19:55:55'),
(24, 'GOZON', 'DELIA', 'OJASCASTRO', '09473275131', '1966-03-03', 'F', 'S', '930B MRR TRACK ST., BRGY. BARANGKA IBABA', 24, NULL, NULL, NULL, 0, 4, '2023-11-11 17:27:03', 4, '2023-11-11 16:15:03'),
(25, 'GOZON', 'ROLANDO', 'OJASCASTRO', '09857536921', '1971-02-01', 'M', 'S', '930 MRR TRACK ST., BRGY. BARANGKA IBABA', 24, NULL, NULL, NULL, 0, 4, '2023-11-11 16:19:44', 4, '2023-11-11 16:17:12'),
(26, 'GUINSISANA', 'JOSEPHINE', 'DELGADO', '0927665167', '1956-10-30', 'F', 'M', '949 MRR TRACK ST., BRGY. BARANGKA IBABA', 26, NULL, NULL, NULL, 0, 1, '2023-11-16 21:06:14', 4, '2023-11-11 16:26:03'),
(27, 'GUINSISANA', 'ROMEO', 'ORCEO', '09954562771', '1954-07-05', 'M', 'M', '949 MRR TRACK ST., BRGY. BARANGKA IBABA', 26, NULL, NULL, NULL, 0, 4, '2023-11-11 16:28:14', 4, '2023-11-11 16:27:20'),
(28, 'GUINSISANA', 'MARIA LUISA', 'DELGADO', '09453216542', '1991-10-29', 'F', 'S', '949 MRR TRACK ST., BRGY. BARANGKA IBABA', 26, NULL, NULL, NULL, 0, 1, '2023-11-16 21:05:51', 4, '2023-11-11 16:28:58'),
(29, 'GUISISANA', 'MA. LOURDES', 'DELGADO', '09651218769', '1995-07-09', 'F', 'S', '949 MRR TRACK ST., BRGY. BARANGKA IBABA', 26, NULL, NULL, NULL, 0, 1, '2023-11-16 21:06:00', 4, '2023-11-11 16:29:55'),
(30, 'GUINSISANA', 'MA. LUS', 'DELGADO', '09866532151', '1997-10-25', 'M', 'S', '949 MRR TRACK ST., BRGY. BARANGKA IBABA', 26, NULL, NULL, NULL, 0, 1, '2023-11-16 21:06:09', 4, '2023-11-11 16:30:56'),
(31, 'HALOG JR.', 'TEODERICO', '', '09566971083', '1995-03-23', 'M', 'S', '945 MRR TRACK ST., BRGY. BARANGKA IBABA', 31, NULL, NULL, NULL, 0, 4, '2023-11-11 16:36:27', 4, '2023-11-11 16:33:22'),
(32, 'RIVERA', 'MARIA CRISTINA', 'HALOG', '09122324147', '1975-10-01', 'F', 'M', '945 MRR TRACK ST., BRGY. BARANGKA IBABA', 31, NULL, NULL, NULL, 0, NULL, NULL, 4, '2023-11-11 16:35:20'),
(33, 'RIVERA', 'JADE', '', 'N/A', '2003-11-10', 'F', 'S', '945 MRR TRACK ST., BRGY. BARANGKA IBABA', 31, NULL, NULL, NULL, 0, 4, '2023-11-11 16:54:45', 4, '2023-11-11 16:36:12'),
(34, 'RIVERA', 'JUNE', '', 'N/A', '2007-06-16', 'M', 'S', '945 MRR TRACK ST., BRGY. BARANGKA IBABA', 31, NULL, NULL, NULL, 0, 4, '2023-11-11 16:54:33', 4, '2023-11-11 16:36:12'),
(35, 'RIVERA', 'JORIE', '', 'N/A', '2010-11-30', 'F', 'S', '945 MRR TRACK ST., BRGY. BARANGKA IBABA', 31, NULL, NULL, NULL, 0, 4, '2023-11-11 16:54:53', 4, '2023-11-11 16:37:31'),
(36, 'RIVERA', 'JIM CHRISTIAN', '', 'N/A', '1998-04-19', 'M', 'S', '945 MRR TRACK ST., BRGY. BARANGKA IBABA', 31, NULL, NULL, NULL, 0, 4, '2023-11-11 16:55:00', 4, '2023-11-11 16:38:14'),
(37, 'RIVERA', 'JOY CRISTINE', '', 'N/A', '2000-01-14', 'F', 'S', '945 MRR TRACK ST., BRGY. BARANGKA IBABA', 31, NULL, NULL, NULL, 0, 4, '2023-11-11 16:55:04', 4, '2023-11-11 16:38:39'),
(38, 'HISTORIA', 'REMEDIOS', 'DECERA', '09278623909', '1949-09-03', 'F', 'W', '939 MRR TRACK ST., BRGY. BARANGKA IBABA', 38, NULL, NULL, NULL, 0, 4, '2023-11-11 16:43:15', 4, '2023-11-11 16:40:46'),
(39, 'HISTORIA', 'JOCELYN', 'DECERA', '0932651511', '1977-02-03', 'F', 'M', '939 MRR TRACK ST., BRGY. BARANGKA IBABA', 38, NULL, NULL, NULL, 0, 4, '2023-11-11 16:48:42', 4, '2023-11-11 16:43:05'),
(40, 'HISTORIA', 'CATHERINE', 'DECERA', '09352112544', '1968-08-13', 'F', 'SP', '939 MRR TRACK ST., BRGY. BARANGKA IBABA', 38, NULL, NULL, NULL, 0, 4, '2023-11-11 16:47:03', 4, '2023-11-11 16:45:19'),
(41, 'ABAD', 'WILLIAM', 'BANDEROS', '09777941807', '1976-08-24', 'M', 'M', '939 MRR TRACK ST., BRGY. BARANGKA IBABA', 38, NULL, NULL, NULL, 0, NULL, NULL, 4, '2023-11-11 16:46:52'),
(42, 'ABAD', 'ERIC JAYSON', 'HISTORIA', '09523512233', '2001-03-09', 'M', 'S', '939 MRR TRACK ST., BRGY. BARANGKA IBABA', 38, NULL, NULL, NULL, 0, 4, '2023-11-11 16:51:14', 4, '2023-11-11 16:49:27'),
(43, 'ABAD', 'LARA JOYCE', 'HISTORIA', 'N/A', '2006-11-19', 'F', 'S', '939 MRR TRACK ST., BRGY. BARANGKA IBABA', 38, NULL, NULL, NULL, 0, 4, '2023-11-11 16:56:07', 4, '2023-11-11 16:50:14'),
(44, 'ABAD', 'JUAN MIGUEL', 'HISTORIA', 'N/A', '2014-07-22', 'M', 'S', '939 MRR TRACK ST., BRGY. BARANGKA IBABA', 38, NULL, NULL, NULL, 0, 4, '2023-11-11 16:52:01', 4, '2023-11-11 16:51:54'),
(45, 'JAMEN JR.', 'ELPEDIO', 'PATER', '09497953276', '1969-07-08', 'M', 'M', '937 MRR TRACK ST., BRGY. BARANGKA IBABA', 45, NULL, NULL, NULL, 0, NULL, NULL, 4, '2023-11-11 16:59:00'),
(46, 'JAMEN', 'SHERLITA', 'DONATO', '09954662321', '1972-05-23', 'F', 'M', '937 MRR TRACK ST., BRGY. BARANGKA IBABA', 45, NULL, NULL, NULL, 0, NULL, NULL, 4, '2023-11-11 17:00:12'),
(47, 'JAMEN', 'DARYL', 'DONATO', '09986554776', '1991-11-13', 'M', 'S', '937 MRR TRACK ST., BRGY. BARANGKA IBABA', 45, NULL, NULL, NULL, 0, NULL, NULL, 4, '2023-11-11 17:01:02'),
(48, 'JAMEN', 'ELPEDIO', 'DONATO', '09142543262', '1197-02-20', 'M', 'S', '937 MRR TRACK ST., BRGY. BARANGKA IBABA', 45, NULL, NULL, NULL, 0, NULL, NULL, 4, '2023-11-11 17:01:45'),
(49, 'JAMEN', 'JANE CYREL', 'DONATO', '09448522772', '1994-04-22', 'F', 'S', '937 MRR TRACK ST., BRGY. BARANGKA IBABA', 45, NULL, NULL, NULL, 0, NULL, NULL, 4, '2023-11-11 17:03:17'),
(50, 'JAMEN', 'BABY JANE', 'DONATO', '09161153204', '1998-12-29', 'F', 'S', '937 MRR TRACK ST., BRGY. BARANGKA IBABA', 45, NULL, NULL, NULL, 0, NULL, NULL, 4, '2023-11-11 17:04:14'),
(51, 'JAMEN', 'SHERWIN', 'DONATO', 'N/A', '2000-08-10', 'M', 'S', '937 MRR TRACK ST., BRGY. BARANGKA IBABA', 45, NULL, NULL, NULL, 0, NULL, NULL, 4, '2023-11-11 17:06:22'),
(52, 'BOTIN', 'ERMILITO', 'GOZON', '09235678432', '1976-12-03', 'M', 'M', '930C MRR TRACK ST., BRGY. BARANGKA IBABA ', 52, NULL, NULL, NULL, 0, 4, '2023-11-11 17:27:10', 5, '2023-11-11 17:10:27'),
(53, 'ROPEROS', 'HYACINTH', 'TARAO', '09959224031', '1985-11-15', 'F', 'S', '937 MRR TRACK ST., BRGY. BARANGKA IBABA', 45, NULL, NULL, NULL, 0, NULL, NULL, 4, '2023-11-11 17:11:12'),
(54, 'JAMEN', 'PRINCE DASTAN', 'ROPEROS', 'N/A', '2014-11-03', 'M', 'S', '937 MRR TRACK ST., BRGY. BARANGKA IBABA', 45, NULL, NULL, NULL, 0, NULL, NULL, 4, '2023-11-11 17:11:57'),
(55, 'JAMEN', 'PRINCESS DESIREE', 'ROPEROS', 'N/A', '2016-02-10', 'F', 'S', '937 MRR TRACK ST., BRGY. BARANGKA IBABA', 45, NULL, NULL, NULL, 0, NULL, NULL, 4, '2023-11-11 17:12:22'),
(56, 'JAMEN', 'PRINCE DARYL', 'ROPEROS', 'N/A', '2018-01-16', 'M', 'S', '937 MRR TRACK ST., BRGY. BARANGKA IBABA', 45, NULL, NULL, NULL, 0, NULL, NULL, 4, '2023-11-11 17:14:13'),
(57, 'RODELAS', 'MARY GRACE', 'MAGANDA', '09876405324', '1974-10-28', 'F', 'M', '930 MRR TRACK ST., BRGY. IBABA ', 52, NULL, NULL, NULL, 0, NULL, NULL, 5, '2023-11-11 17:14:31'),
(58, 'DELGADO', 'ERNESTO', 'DOHILLO', '09269909430', '1951-06-10', 'M', 'M', '949 MRR TRACK ST., BRGY. BARANGKA IBABA', 58, NULL, NULL, NULL, 0, 6, '2023-11-11 17:18:08', 6, '2023-11-11 17:15:36'),
(59, 'BOTIN', 'EMMANUEL JESUS', 'RODELAS', '09346159843', '2000-03-28', 'M', 'S', '930 MRR TRACK ST., BRGY. IBABA ', 52, NULL, NULL, NULL, 0, NULL, NULL, 5, '2023-11-11 17:16:37'),
(60, 'ORQULO', 'ARMANDO', 'DEJOLOS', '09501377466', '1961-01-29', 'M', 'S', '949 MRR TRACK ST., BRGY. BARANGKA IBABA', 60, NULL, NULL, NULL, 0, 7, '2023-11-11 17:19:31', 7, '2023-11-11 17:16:43'),
(61, 'JARCIA', 'ANA MERWEN', 'AQUIN', '09266566340', '1984-07-05', 'F', 'S', '930D MRR TRACK ST., BRGY. BARANGKA IBABA', 61, NULL, NULL, NULL, 0, 4, '2023-11-11 17:27:36', 4, '2023-11-11 17:16:56'),
(62, 'BOTIN', 'MARCH ANGEL', 'RODELAS', '09289678431', '2003-03-10', 'F', 'S', '930 MRR TRACK ST., BRGY. IBABA ', 52, NULL, NULL, NULL, 0, NULL, NULL, 5, '2023-11-11 17:17:23'),
(63, 'BOTIN', 'ERMERSON', 'RODELAS', 'N/A', '2004-06-16', 'M', 'S', '930 MRR TRACK ST., BRGY. IBABA ', 52, NULL, NULL, NULL, 0, NULL, NULL, 5, '2023-11-11 17:18:23'),
(64, 'BOTIN', 'ELMER JOHN', 'RODELAS', 'N/A', '2004-05-16', 'M', 'S', '930 MRR TRACK ST., BRGY. IBABA ', 52, NULL, NULL, NULL, 0, NULL, NULL, 5, '2023-11-11 17:19:19'),
(65, 'BOTIN', 'EMERVYN', 'RODELAS', 'N/A', '2008-11-24', 'M', 'S', '930 MRR TRACK ST., BRGY. IBABA ', 52, NULL, NULL, NULL, 0, NULL, NULL, 5, '2023-11-11 17:20:19'),
(66, 'BOTIN', 'MA. JILLIAN', 'RODELAS', 'N/A', '2011-01-25', 'F', 'S', '930 MRR TRACK ST., BRGY. IBABA ', 52, NULL, NULL, NULL, 0, NULL, NULL, 5, '2023-11-11 17:21:04'),
(67, 'DELGADO', 'ANALYN', 'NAVARRO', '09171157148', '1981-06-05', 'F', 'M', '949 MRR TRACK ST., BRGY. BARANGKA IBABA', 58, NULL, NULL, NULL, 0, NULL, NULL, 6, '2023-11-11 17:21:36'),
(68, 'DELGADO', 'ARMIDA', 'SANTOS', '09491724252', '1983-09-15', 'F', 'M', '949 MRR TRACK ST., BRGY. BARANGKA IBABA', 58, NULL, NULL, NULL, 0, NULL, NULL, 6, '2023-11-11 17:22:26'),
(69, 'ORQULO ', 'RICHARD', '', '', '1978-10-08', 'M', 'S', '949 MRR TRACK ST., BRGY. BARANGKA IBABA', 60, NULL, NULL, NULL, 0, NULL, NULL, 7, '2023-11-11 17:23:29'),
(70, 'DELGADO', 'ARMAND', 'SANTOS', '09296412325', '1976-07-30', 'M', 'M', '949 MRR TRACK ST., BRGY. BARANGKA IBABA', 58, NULL, NULL, NULL, 0, NULL, NULL, 6, '2023-11-11 17:23:50'),
(71, 'JARCIA', 'WENEFREDO', 'GARCIA', '09477521547', '1951-11-15', 'M', 'M', '930 MRR TRACK ST., BRGY. BARANGKA IBABA', 61, NULL, NULL, NULL, 0, NULL, NULL, 4, '2023-11-11 17:23:51'),
(72, 'RODELAS', 'MARY GRACE', 'MAGANDA', '0963819389', '1990-08-14', 'F', 'M', '930 MRR TRACK ST., BRGY. IBABA ', 52, NULL, NULL, NULL, 0, NULL, NULL, 5, '2023-11-11 17:25:42'),
(73, 'BELLO', 'BRYAN', '', 'N/A', '1997-07-09', 'M', 'M', '930 MRR TRACK ST., BRGY. IBABA ', 52, NULL, NULL, NULL, 0, NULL, NULL, 5, '2023-11-11 17:26:21'),
(74, 'DELGADO', 'WESLY KYLE', 'MENDOZA', '09684568291', '2002-09-06', 'M', 'S', '949 MRR TRACK ST., BRGY. BARANGKA IBABA', 58, NULL, NULL, NULL, 0, NULL, NULL, 6, '2023-11-11 17:26:37'),
(75, 'BOTIN', 'PRINCESS', 'GANDA', '09637829481', '1990-05-07', 'F', 'S', '930 MRR TRACK ST., BRGY. IBABA ', 52, NULL, NULL, NULL, 0, NULL, NULL, 5, '2023-11-11 17:27:43'),
(76, 'DELGADO', 'LESLIE MAE', 'MENDOZA', '09845859681', '2000-10-14', 'F', 'S', '949 MRR TRACK ST., BRGY. BARANGKA IBABA', 58, NULL, NULL, NULL, 0, NULL, NULL, 6, '2023-11-11 17:28:07'),
(77, 'DELGADO', 'MARK NEIL', 'MENDOZA', '0967496488132', '1994-08-05', 'M', 'S', '949 MRR TRACK ST., BRGY. BARANGKA IBABA', 58, NULL, NULL, NULL, 0, NULL, NULL, 6, '2023-11-11 17:28:39'),
(78, 'DELGADO', 'JAZANIAH LUKE', 'MENDOZA', '09536807841', '2018-10-25', 'M', 'S', '949 MRR TRACK ST., BRGY. BARANGKA IBABA', 58, NULL, NULL, NULL, 0, NULL, NULL, 6, '2023-11-11 17:29:34'),
(79, 'DELOS REYS', 'MA. CHRISTINA', 'BELLO', 'N/A', '2008-06-20', 'F', 'S', '930 MRR TRACK ST., BRGY. IBABA ', 52, NULL, NULL, NULL, 0, NULL, NULL, 5, '2023-11-11 17:30:11'),
(80, 'DELOS REYS', 'MA. CHRISTINA', 'BELLO', 'N/A', '2008-06-20', 'F', 'S', '930 MRR TRACK ST., BRGY. IBABA ', 52, NULL, NULL, NULL, 0, NULL, NULL, 5, '2023-11-11 17:30:11'),
(81, 'JIMENEZ', 'ANABEL', 'HAGOD', '09212062057', '1982-12-15', 'F', 'M', '946 MRR TRACK ST., BRGY. BARANGKA IBABA', 81, NULL, NULL, NULL, 0, NULL, NULL, 4, '2023-11-11 17:30:23'),
(82, 'PEREZ', 'EMELIA', 'HIPOL', '09500881951', '1959-09-25', 'F', 'M', '930E MRR TRACK ST., BRGY. BARANGKA IBABA', 82, NULL, NULL, NULL, 0, 7, '2023-11-11 17:36:07', 7, '2023-11-11 17:30:25'),
(83, 'DELOS REYES', 'HAZEL ANN', 'BELLO', 'N/A', '2010-02-05', 'F', 'S', '930 MRR TRACK ST., BRGY. IBABA ', 52, NULL, NULL, NULL, 0, NULL, NULL, 5, '2023-11-11 17:30:52'),
(84, 'DELOS REYES', 'MA. TERESA', 'BELLO', 'N/A', '2010-04-22', 'F', 'S', '930 MRR TRACK ST., BRGY. IBABA ', 52, NULL, NULL, NULL, 0, NULL, NULL, 5, '2023-11-11 17:31:49'),
(85, 'JIMENEZ', 'MICHAEL', 'MENDOZA', '09956551446', '1979-12-06', 'M', 'M', '946 MRR TRACK ST., BRGY. BARANGKA IBABA', 81, NULL, NULL, NULL, 0, NULL, NULL, 4, '2023-11-11 17:32:24'),
(86, 'BELLO', 'CRISTAL', 'BELLO', 'N/A', '2016-03-24', 'F', 'S', '930 MRR TRACK ST., BRGY. IBABA ', 52, NULL, NULL, NULL, 0, 5, '2023-11-11 17:33:03', 5, '2023-11-11 17:32:33'),
(87, 'BELLO', 'BRIANNE PEARL', 'BELLO', 'N/A', '2017-12-26', 'F', 'S', '930 MRR TRACK ST., BRGY. IBABA ', 52, NULL, NULL, NULL, 0, NULL, NULL, 5, '2023-11-11 17:33:46'),
(88, 'JIMENEZ', 'ANAMIE', 'HAGOD', 'N/A', '2001-10-22', 'F', 'S', '946 MRR TRACK ST., BRGY. BARANGKA IBABA', 81, NULL, NULL, NULL, 0, NULL, NULL, 4, '2023-11-11 17:34:21'),
(89, 'DESPABILADERO', 'TERESITA', 'GATDULA', '09754533327', '1956-08-08', 'F', 'M', '940 MRR TRACK ST., BRGY. BARANGKA IBABA', 89, NULL, NULL, NULL, 0, NULL, NULL, 6, '2023-11-11 17:34:23'),
(90, 'BINAG', 'ACE', 'HIPOL ', '09228782843', '1998-06-03', 'M', 'S', '930 MRR TRACK ST., BRGY. BARANGKA IBABA', 82, NULL, NULL, NULL, 0, NULL, NULL, 7, '2023-11-11 17:34:39'),
(91, 'JIMENEZ', 'MIKE ARCZON', 'HAGOD', 'N/A', '2003-09-14', 'M', 'S', '946 MRR TRACK ST., BRGY. BARANGKA IBABA', 81, NULL, NULL, NULL, 0, NULL, NULL, 4, '2023-11-11 17:34:49'),
(92, 'BOTIN', 'VERONICA', 'GANDA', '09068200417', '1992-06-17', 'F', 'M', '930 MRR TRACK ST., BRGY. IBABA ', 52, NULL, NULL, NULL, 0, NULL, NULL, 5, '2023-11-11 17:35:11'),
(93, 'MUSNI', 'RICHARD', 'BOTIN', '09876254137', '1987-05-18', 'F', 'M', '930 MRR TRACK ST., BRGY. IBABA ', 52, NULL, NULL, NULL, 0, NULL, NULL, 5, '2023-11-11 17:36:01'),
(94, 'JIMENEZ', 'ARLANE', 'DELGADO', '09260564792', '1972-11-17', 'F', 'M', '941 MRR TRACK ST., BRGY. BARANGKA IBABA', 94, NULL, NULL, NULL, 0, 1, '2023-11-16 21:06:39', 4, '2023-11-11 17:36:34'),
(95, 'MUSNI', 'JOHN GABRIEL', 'BOTIN', 'N/A', '2013-11-25', 'M', 'S', '930 MRR TRACK ST., BRGY. IBABA ', 52, NULL, NULL, NULL, 0, NULL, NULL, 5, '2023-11-11 17:37:14'),
(96, 'MUSNI', 'MICAELLA', 'BOTIN', 'N/A', '2017-11-20', 'F', 'S', '930 MRR TRACK ST., BRGY. IBABA ', 52, NULL, NULL, NULL, 0, NULL, NULL, 5, '2023-11-11 17:37:51'),
(97, 'PAPELLERO', 'OLDA', 'DELA CRUZ', '09754533327', '1987-11-04', 'F', 'M', '940 MRR TRACK ST., BRGY. BARANGKA IBABA', 89, NULL, NULL, NULL, 0, NULL, NULL, 6, '2023-11-11 17:38:13'),
(98, 'JIMENEZ', 'AARON', 'DELGADO', '09255452159', '1976-03-10', 'M', 'M', '941 MRR TRACK ST., BRGY. BARANGKA IBABA', 94, NULL, NULL, NULL, 0, 1, '2023-11-16 21:06:42', 4, '2023-11-11 17:39:10'),
(99, 'BOTIN', 'RANDY', 'GANDA', 'N/A', '1988-05-21', 'M', 'M', '930 MRR TRACK ST., BRGY. IBABA ', 52, NULL, NULL, NULL, 0, NULL, NULL, 5, '2023-11-11 17:39:14'),
(100, 'PAPELLERO', 'JAIDAN TYLER', 'DELA CRUZ', '09997623153', '2012-10-08', 'M', 'S', '940 MRR TRACK ST., BRGY. BARANGKA IBABA', 89, NULL, NULL, NULL, 0, NULL, NULL, 6, '2023-11-11 17:39:19'),
(101, 'MAULANA', 'LIODA', '', '09765378961', '1985-03-25', 'F', 'M', '930 MRR TRACK ST., BRGY. IBABA ', 52, NULL, NULL, NULL, 0, NULL, NULL, 5, '2023-11-11 17:39:59'),
(102, 'PAPELLERO', 'SHAWN JAY', 'DELA CRUZ', '09357957412', '2016-10-28', 'M', 'S', '940 MRR TRACK ST., BRGY. BARANGKA IBABA', 89, NULL, NULL, NULL, 0, NULL, NULL, 6, '2023-11-11 17:40:10'),
(103, 'PLAZA', 'FAUSTINO', 'MACADA', '09277236585', '1954-05-22', 'M', 'M', '935 MRR TRACK ST., BRGY. BARANGKA IBABA', 103, NULL, NULL, NULL, 0, NULL, NULL, 7, '2023-11-11 17:40:32'),
(104, 'JIMENEZ', 'AERONE DAN', 'DELGADO', 'N/A', '2005-09-13', 'M', 'S', '941 MRR TRACK ST., BRGY. BARANGKA IBABA', 94, NULL, NULL, NULL, 0, 1, '2023-11-16 21:06:49', 4, '2023-11-11 17:40:44'),
(105, 'BOTIN', 'LORENZO', 'MAULANA', 'N/A', '2008-12-04', 'M', 'S', '930 MRR TRACK ST., BRGY. IBABA ', 52, NULL, NULL, NULL, 0, NULL, NULL, 5, '2023-11-11 17:40:53'),
(106, 'JIMENEZ', 'ANTON ISAAC', 'DELGADO', 'N/A', '2009-01-15', 'M', 'S', '941 MRR TRACK ST., BRGY. BARANGKA IBABA', 94, NULL, NULL, NULL, 0, 1, '2023-11-16 21:06:52', 4, '2023-11-11 17:41:23'),
(107, 'BOTIN', 'RAFAEL', 'MAULANA', 'N/A', '2011-03-16', 'M', 'S', '930 MRR TRACK ST., BRGY. IBABA ', 52, NULL, NULL, NULL, 0, NULL, NULL, 5, '2023-11-11 17:41:33'),
(108, 'PLAZA', 'FE', 'GAZA', '09278676855', '1953-10-27', 'F', 'M', '935 MRR TRACK ST., BRGY. BARANGKA IBABA', 103, NULL, NULL, NULL, 0, NULL, NULL, 7, '2023-11-11 17:42:20'),
(109, 'BOTIN', 'RIENA MAY', 'MAULANA', 'N/A', '2013-09-05', 'F', 'S', '930 MRR TRACK ST., BRGY. IBABA ', 52, NULL, NULL, NULL, 0, 5, '2023-11-11 17:43:19', 5, '2023-11-11 17:42:29'),
(110, 'DESPABILADERO', 'MA. CHRISTINA', '', '09135678941', '1981-07-02', 'F', 'M', '940 MRR TRACK ST., BRGY. BARANGKA IBABA', 89, NULL, NULL, NULL, 0, NULL, NULL, 6, '2023-11-11 17:43:06'),
(111, 'PAPELLERO', 'RAYMUND', 'REYES', '09157394678', '1987-03-14', 'M', 'M', '940 MRR TRACK ST., BRGY. BARANGKA IBABA', 89, NULL, NULL, NULL, 0, NULL, NULL, 6, '2023-11-11 17:44:08'),
(112, 'LOPEZ', 'RICARDA', 'NUNEZ', '025352877', '1960-08-25', 'F', 'W', '936 MRR TRACK ST., BRGY. BARANGKA IBABA', 112, NULL, NULL, NULL, 0, NULL, NULL, 4, '2023-11-11 17:44:09'),
(113, 'ADONA', 'DONNA', 'NUESTRO', '09834773957', '1988-10-20', 'F', 'S', '933 MRR TRACK ST., BRGY. BARANGKA IBABA', 3, NULL, NULL, NULL, 0, NULL, NULL, 2, '2023-11-11 17:44:11'),
(114, 'BOTIN', 'RAYMON', 'MAULANA', 'N/A', '2013-09-05', 'M', 'S', '930 MRR TRACK ST., BRGY. IBABA ', 52, NULL, NULL, NULL, 0, 5, '2023-11-11 17:44:29', 5, '2023-11-11 17:44:17'),
(115, 'DESPABILADERO', 'RENEL', '', '09352487966', '1978-06-11', 'M', 'M', '940 MRR TRACK ST., BRGY. BARANGKA IBABA', 89, NULL, NULL, NULL, 0, NULL, NULL, 6, '2023-11-11 17:44:41'),
(116, 'BOTIN', 'ANDY', 'MAULANA', 'N/A', '2016-11-16', 'M', 'S', '930 MRR TRACK ST., BRGY. IBABA ', 52, NULL, NULL, NULL, 0, NULL, NULL, 5, '2023-11-11 17:45:04'),
(117, 'ADONA', 'EDERLYN', 'NUESTRO', '09828482922', '1991-01-07', 'F', 'S', '933 MRR TRACK ST., BRGY. BARANGKA IBABA', 3, NULL, NULL, NULL, 0, NULL, NULL, 2, '2023-11-11 17:45:12'),
(118, 'DESPABILADERO', 'NICOLE', '', '09123849756', '2003-07-05', 'F', 'S', '940 MRR TRACK ST., BRGY. BARANGKA IBABA', 89, NULL, NULL, NULL, 0, NULL, NULL, 6, '2023-11-11 17:45:22'),
(119, 'BOTIN', 'KYLIENE', 'MAULANA', 'N/A', '2018-11-10', 'F', 'S', '930 MRR TRACK ST., BRGY. IBABA ', 52, NULL, NULL, NULL, 0, NULL, NULL, 5, '2023-11-11 17:45:31'),
(120, 'LOPEZ', 'JOYCE ANGELIEN', 'NUNEZ', '09363641522', '1992-08-02', 'F', 'S', '936 MRR TRACK ST., BRGY. BARANGKA IBABA', 112, NULL, NULL, NULL, 0, 4, '2023-11-11 17:49:31', 4, '2023-11-11 17:45:36'),
(121, 'DESPABILADERO', 'JANELLE', '', '', '2005-01-05', 'F', 'S', '940 MRR TRACK ST., BRGY. BARANGKA IBABA', 89, NULL, NULL, NULL, 0, NULL, NULL, 6, '2023-11-11 17:45:47'),
(122, 'PLAZA', 'PATRICIA', 'MACADA', '0923569345', '1981-03-05', 'F', 'M', '935 MRR TRACK ST., BRGY. BARANGKA IBABA', 103, NULL, NULL, NULL, 0, 7, '2023-11-11 17:47:36', 7, '2023-11-11 17:45:58'),
(123, 'LOPEZ', 'RUTCEL', 'NUNEZ', '09289576453', '1983-02-23', 'F', 'S', '936 MRR TRACK ST., BRGY. BARANGKA IBABA', 112, NULL, NULL, NULL, 0, 4, '2023-11-11 17:52:27', 4, '2023-11-11 17:46:38'),
(124, 'DESPABILADERO', 'AUBREY', '', '09654201549', '2009-11-28', 'F', 'S', '940 MRR TRACK ST., BRGY. BARANGKA IBABA', 89, NULL, NULL, NULL, 0, NULL, NULL, 6, '2023-11-11 17:46:40'),
(125, 'PLAZA', 'PAOLO', 'MACADA', '09876529913', '1986-09-19', 'M', 'M', '935 MRR TRACK ST., BRGY. BARANGKA IBABA', 103, NULL, NULL, NULL, 0, NULL, NULL, 7, '2023-11-11 17:47:27'),
(126, 'GELBERT', 'BOTIN', 'GANDA', '09979338512', '1981-07-08', 'M', 'M', '930 MRR TRACK ST., BRGY. IBABA ', 52, NULL, NULL, NULL, 0, NULL, NULL, 5, '2023-11-11 17:47:31'),
(127, 'BINAG', 'SHARINA', 'LOPEZ', '09778317220', '1987-04-08', 'F', 'M', '936 MRR TRACK ST., BRGY. BARANGKA IBABA', 112, NULL, NULL, NULL, 0, 4, '2023-11-11 17:53:15', 4, '2023-11-11 17:47:31'),
(128, 'DESPABILADERO', 'KNOJ', '', '09321569872', '2011-05-27', 'M', 'S', '940 MRR TRACK ST., BRGY. BARANGKA IBABA', 89, NULL, NULL, NULL, 0, NULL, NULL, 6, '2023-11-11 17:47:57'),
(129, 'LACHICA', 'ADA', 'BILLOG', 'N/A', '0000-00-00', 'F', 'M', '930 MRR TRACK ST., BRGY. IBABA ', 52, NULL, NULL, NULL, 0, NULL, NULL, 5, '2023-11-11 17:48:12'),
(130, 'DESPABILADERO', 'RENEL', '', '09334578629', '2014-09-10', 'M', 'S', '940 MRR TRACK ST., BRGY. BARANGKA IBABA', 89, NULL, NULL, NULL, 0, NULL, NULL, 6, '2023-11-11 17:48:31'),
(131, 'LOPEZ', 'SHERNAN', 'NUNEZ', '09178872201', '1990-12-12', 'M', 'M', '936 MRR TRACK ST., BRGY. BARANGKA IBABA', 112, NULL, NULL, NULL, 0, 4, '2023-11-11 17:51:45', 4, '2023-11-11 17:48:34'),
(132, 'BOTIN', 'JOHNBERT', 'LACHICA', 'N/A', '2007-12-22', 'M', 'S', '930 MRR TRACK ST., BRGY. IBABA ', 52, NULL, NULL, NULL, 0, NULL, NULL, 5, '2023-11-11 17:48:52'),
(133, 'BOTIN', 'ADANNA MARIE', 'BILLOG', 'N/A', '2005-11-18', 'F', 'S', '930 MRR TRACK ST., BRGY. IBABA ', 52, NULL, NULL, NULL, 0, NULL, NULL, 5, '2023-11-11 17:49:30'),
(134, 'LOPEZ', 'SABRINA DYLAN', '', 'N/A', '2010-05-30', 'F', 'S', '936 MRR TRACK ST., BRGY. BARANGKA IBABA', 112, NULL, NULL, NULL, 0, NULL, NULL, 4, '2023-11-11 17:50:14'),
(135, 'LACHICA', 'JIMMUELLE', '', '0956432789', '2003-08-12', 'M', 'S', '930 MRR TRACK ST., BRGY. IBABA ', 52, NULL, NULL, NULL, 0, NULL, NULL, 5, '2023-11-11 17:50:46'),
(136, 'BINAG', 'NIGEL WAYNE', '', 'N/A', '2011-11-09', 'M', 'S', '936 MRR TRACK ST., BRGY. BARANGKA IBABA', 112, NULL, NULL, NULL, 0, 4, '2023-11-11 17:55:15', 4, '2023-11-11 17:50:58'),
(137, 'PUNO', 'VIRGILIO', 'PAMINTUAN', '09867891432', '1953-02-22', 'M', 'M', '947 MRR TRACK ST., BRGY. BARANGKA IBABA', 137, NULL, NULL, NULL, 0, 7, '2023-11-11 17:54:21', 7, '2023-11-11 17:52:28'),
(138, 'ADONA', 'DIANA', 'NUESTRO', '09485438576', '1990-07-14', 'F', 'S', '933 MRR TRACK ST., BRGY. BARANGKA IBABA', 3, NULL, NULL, NULL, 0, NULL, NULL, 2, '2023-11-11 17:52:56'),
(139, 'DESPABILADERO', 'MICHELLE', 'SANTIAGO', '09354788745', '1976-01-10', 'F', 'M', '897 MRR TRACK ST., BRGY. BARANGKA IBABA', 139, NULL, NULL, NULL, 0, NULL, NULL, 6, '2023-11-11 17:53:05'),
(140, 'DESPABILADERO', 'RENANTE', 'GONZALES', '09635415796', '1979-06-29', 'M', 'M', '897 MRR TRACK ST., BRGY. BARANGKA IBABA', 139, NULL, NULL, NULL, 0, NULL, NULL, 6, '2023-11-11 17:53:50'),
(141, 'PUNO', 'VIRGINA ', 'LASQUITES', '09573956710', '1966-04-16', 'F', 'M', '947 MRR TRACK ST., BRGY. BARANGKA IBABA', 137, NULL, NULL, NULL, 0, 7, '2023-11-11 17:59:31', 7, '2023-11-11 17:54:02'),
(142, 'DESPABILADERO', 'KYLE', 'SANTOS', '09785364125', '2005-04-28', 'M', 'S', '897 MRR TRACK ST., BRGY. BARANGKA IBABA', 139, NULL, NULL, NULL, 0, NULL, NULL, 6, '2023-11-11 17:54:31'),
(143, 'BINAG', 'JEYRETT', 'MENDEZ', '09778317207', '1987-09-14', 'M', 'M', '936 MRR TRACK ST., BRGY. BARANGKA IBABA', 112, NULL, NULL, NULL, 0, NULL, NULL, 4, '2023-11-11 17:55:05'),
(144, 'DESPABILADERO', 'MERYLE', 'SANTOS', '09786123546', '2008-09-28', 'F', 'S', '897 MRR TRACK ST., BRGY. BARANGKA IBABA', 139, NULL, NULL, NULL, 0, NULL, NULL, 6, '2023-11-11 17:55:08'),
(145, 'MONTALBAN', 'DANIELA', 'NUESTRO', '09836628474', '2000-09-02', 'F', 'S', '933 MRR TRACK ST., BRGY. BARANGKA IBABA', 3, NULL, NULL, NULL, 0, NULL, NULL, 2, '2023-11-11 17:55:12'),
(146, 'PUNO', 'MA. VICTORIA', 'LASQUITES', '09652546749', '1997-10-17', 'F', 'S', '947 MRR TRACK ST., BRGY. BARANGKA IBABA', 137, NULL, NULL, NULL, 0, 7, '2023-11-11 17:59:18', 7, '2023-11-11 17:55:27'),
(147, 'DESPABILADERO', 'KEN', 'SANTOS', '09453157563', '2016-06-20', 'M', 'S', '897 MRR TRACK ST., BRGY. BARANGKA IBABA', 139, NULL, NULL, NULL, 0, NULL, NULL, 6, '2023-11-11 17:55:42'),
(148, 'CAGA-ANNAN', 'PRISCILA', 'CULOB', '09094637333', '1959-10-01', 'F', 'W', '947 MRR TRACK ST., BARANGKA IBABA', 148, NULL, NULL, NULL, 0, 5, '2023-11-11 17:59:39', 5, '2023-11-11 17:56:03'),
(149, 'DICHOSA', 'SUSAN', 'DELA ROSA', '09667339384', '1962-10-12', 'F', 'M', '947 MRR TRACK ST., BRGY. BARANGKA IBABA', 149, NULL, NULL, NULL, 0, NULL, NULL, 6, '2023-11-11 17:58:06'),
(150, 'CAGA-ANAN', 'BENHUR', 'CULOB', '09653276890', '2003-05-21', 'M', 'S', '947 MRR TRACK ST., BARANGKA IBABA', 148, NULL, NULL, NULL, 0, NULL, NULL, 5, '2023-11-11 17:58:10'),
(151, 'MULI', 'JOSEPHINE', 'IBAO', '09752816462', '1976-07-26', 'F', 'M', '949 MRR TRACK ST., BRGY. BARANGKA IBABA', 151, NULL, NULL, NULL, 0, NULL, NULL, 4, '2023-11-11 17:58:17'),
(152, 'DICHOSA', 'ANTONIO', 'OCAMPO', '09354475698', '1960-12-26', 'M', 'M', '947 MRR TRACK ST., BRGY. BARANGKA IBABA', 149, NULL, NULL, NULL, 0, NULL, NULL, 6, '2023-11-11 17:58:52'),
(153, 'PUNO JR. ', 'VIRGILIO', 'LASQUITES', '09247815348', '1991-07-30', 'M', 'S', '947 MRR TRACK ST., BRGY. BARANGKA IBABA', 137, NULL, NULL, NULL, 0, NULL, NULL, 7, '2023-11-11 17:59:01'),
(154, 'MULI', 'HOGIE', 'SEPANO', '09929689288', '1977-10-26', 'M', 'M', '949 MRR TRACK ST., BRGY. BARANGKA IBABA', 151, NULL, NULL, NULL, 0, NULL, NULL, 4, '2023-11-11 17:59:10'),
(155, 'VILLANUEVA', 'JOHHAN', '', '09516728510', '1983-09-22', 'M', 'S', '947 MRR TRACK ST., BARANGKA IBABA', 148, NULL, NULL, NULL, 0, NULL, NULL, 5, '2023-11-11 17:59:30'),
(156, 'DICHOSA', 'TZEITEL ANNE', '', '096369641214', '1990-11-10', 'F', 'M', '947 MRR TRACK ST., BRGY. BARANGKA IBABA', 149, NULL, NULL, NULL, 0, NULL, NULL, 6, '2023-11-11 17:59:33'),
(157, 'CABARUZA', 'PRINCESS MICAH', '', 'N/A', '2005-10-21', 'F', 'S', '949 MRR TRACK ST., BRGY. BARANGKA IBABA', 151, NULL, NULL, NULL, 0, 4, '2023-11-11 18:02:03', 4, '2023-11-11 17:59:44'),
(158, 'ADONA', 'REYNALDO', 'NUESTRO', '09959469117', '1984-07-28', 'M', 'SP', '933 MRR TRACK ST., BRGY. BARANGKA IBABA', 3, NULL, NULL, NULL, 0, 2, '2023-11-11 18:35:33', 2, '2023-11-11 18:00:20'),
(159, 'VILLA[NUEVA', 'NINO ANGEL', '', 'N/A', '1985-01-19', 'M', 'S', '947 MRR TRACK ST., BARANGKA IBABA', 148, NULL, NULL, NULL, 0, NULL, NULL, 5, '2023-11-11 18:00:28'),
(160, 'MULI', 'PRINCESS DIANNE', 'IBAO', 'N/A', '2017-01-21', 'F', 'S', '949 MRR TRACK ST., BRGY. BARANGKA IBABA', 151, NULL, NULL, NULL, 0, NULL, NULL, 4, '2023-11-11 18:00:39'),
(161, 'PUNO', 'JHAY SANDLER', '', '09378934563', '2014-07-30', 'M', 'S', '947 MRR TRACK ST., BRGY. BARANGKA IBABA', 137, NULL, NULL, NULL, 0, NULL, NULL, 7, '2023-11-11 18:01:09'),
(162, 'CAGA-ANAN', 'ANA RIZA', '', '09236274479', '1990-10-18', 'F', 'S', '947 MRR TRACK ST., BARANGKA IBABA', 148, NULL, NULL, NULL, 0, NULL, NULL, 5, '2023-11-11 18:01:48'),
(163, 'DORONELA', 'NICO', 'DOMINGO', '09776494756', '1967-12-14', 'M', 'M', '930 MRR TRACK ST., BRGY. BARANGKA IBABA', 163, NULL, NULL, NULL, 0, NULL, NULL, 6, '2023-11-11 18:01:55'),
(164, 'CADUAYA', 'ICHON', '', 'N/A', '1981-06-27', 'M', 'S', '947 MRR TRACK ST., BARANGKA IBABA', 148, NULL, NULL, NULL, 0, 5, '2023-11-11 18:03:14', 5, '2023-11-11 18:02:35'),
(165, 'DORONELA', 'SITTI RUAIDA', 'ABAD', '09776494756', '1979-07-06', 'F', 'M', '930 MRR TRACK ST., BRGY. BARANGKA IBABA', 163, NULL, NULL, NULL, 0, NULL, NULL, 6, '2023-11-11 18:03:40'),
(166, 'EULALIO', 'MA. NHICOLE ANNE', 'CAGA-ANAN', 'N/A', '2007-02-09', 'F', 'S', '947 MRR TRACK ST., BARANGKA IBABA', 148, NULL, NULL, NULL, 0, NULL, NULL, 5, '2023-11-11 18:04:04'),
(167, 'ADONA', 'ADRIAN JADE', 'CARREON', 'N/A', '2015-09-15', 'M', 'S', '933 MRR TRACK ST., BRGY. BARANGKA IBABA', 3, NULL, NULL, NULL, 0, 2, '2023-11-11 18:37:20', 2, '2023-11-11 18:04:08'),
(168, 'PEREZ', 'RODOLFO', '', '09875674532', '1959-02-11', 'M', 'M', '930E MRR TRACK ST., BRGY. BARANGKA IBABA', 82, NULL, NULL, NULL, 0, NULL, NULL, 7, '2023-11-11 18:04:19'),
(169, 'DORONELA', 'FATIMA HELDA', 'ABAD', '09785624511', '2008-11-25', 'F', 'S', '930 MRR TRACK ST., BRGY. BARANGKA IBABA', 163, NULL, NULL, NULL, 0, NULL, NULL, 6, '2023-11-11 18:04:30'),
(170, 'EULALIO', 'MA. NHATALIE MAE', '', 'N/A', '2008-05-24', 'F', 'S', '947 MRR TRACK ST., BARANGKA IBABA', 148, NULL, NULL, NULL, 0, NULL, NULL, 5, '2023-11-11 18:04:42'),
(171, 'DORONELA', 'NILO', 'ABAD', '09424114789', '2015-09-21', 'M', 'S', '930 MRR TRACK ST., BRGY. BARANGKA IBABA', 163, NULL, NULL, NULL, 0, NULL, NULL, 6, '2023-11-11 18:05:14'),
(172, 'ADONA', 'YOLANDA', 'NUESTRO', '09887384756', '1986-11-06', 'F', 'M', '933 MRR TRACK ST., BRGY. BARANGKA IBABA', 3, NULL, NULL, NULL, 0, NULL, NULL, 2, '2023-11-11 18:05:39'),
(173, 'VILLANUEVA', 'IRISH', '', 'N/A', '1986-12-08', 'F', 'M', '947 MRR TRACK ST., BARANGKA IBABA', 148, NULL, NULL, NULL, 0, NULL, NULL, 5, '2023-11-11 18:06:08'),
(174, 'SAIGADO', 'ROLAND', '', 'N/A', '0990-04-18', 'M', 'M', '947 MRR TRACK ST., BARANGKA IBABA', 148, NULL, NULL, NULL, 0, NULL, NULL, 5, '2023-11-11 18:06:52'),
(175, 'ABDULRAJAR', 'ROSAINI', 'ABAD', '09632411589', '1995-05-11', 'F', 'S', '930 MRR TRACK ST., BRGY. BARANGKA IBABA', 163, NULL, NULL, NULL, 0, NULL, NULL, 6, '2023-11-11 18:07:31'),
(176, 'VILLANUEVA', 'JUSTIN LEON', '', 'N/A', '2002-03-14', 'M', 'S', '947 MRR TRACK ST., BARANGKA IBABA', 148, NULL, NULL, NULL, 0, NULL, NULL, 5, '2023-11-11 18:07:39'),
(177, 'REYES', 'LUCENA', 'ARANA', '09652009593', '1981-06-25', 'F', 'M', '940 MRR TRACK ST., BRGY. BARANGKA IBABA', 177, NULL, NULL, NULL, 0, 1, '2023-11-16 21:07:18', 7, '2023-11-11 18:07:41'),
(178, 'ABDULRAJAR', 'MOH\'D SHARIF', 'ABAD', '09369741895', '1998-10-02', 'M', 'S', '930 MRR TRACK ST., BRGY. BARANGKA IBABA', 163, NULL, NULL, NULL, 0, NULL, NULL, 6, '2023-11-11 18:08:17'),
(179, 'CARAIG', 'JAMES', '', '', '2005-07-16', 'M', 'S', '947 MRR TRACK ST., BARANGKA IBABA', 148, NULL, NULL, NULL, 0, NULL, NULL, 5, '2023-11-11 18:08:30'),
(180, 'CARAIG', 'JERALD', '', 'N/A', '2010-01-14', 'M', 'S', '947 MRR TRACK ST., BARANGKA IBABA', 148, NULL, NULL, NULL, 0, NULL, NULL, 5, '2023-11-11 18:09:25'),
(181, 'REYES', 'ANDIE', 'HALIP', '09871556798', '1975-09-03', 'M', 'M', '940 MRR TRACK ST., BRGY. BARANGKA IBABA', 177, NULL, NULL, NULL, 0, NULL, NULL, 7, '2023-11-11 18:09:36'),
(182, 'SAIGADO', 'CRISPAUL', '', '', '2016-04-30', 'M', 'S', '947 MRR TRACK ST., BARANGKA IBABA', 148, NULL, NULL, NULL, 0, NULL, NULL, 5, '2023-11-11 18:10:10'),
(183, 'DORONELA', 'GLADYS MAY', '', '09776494756', '1989-05-13', 'F', 'M', '930 MRR TRACK ST., BRGY. BARANGKA IBABA', 163, NULL, NULL, NULL, 0, NULL, NULL, 6, '2023-11-11 18:10:33'),
(184, 'CHAVEZ', 'RENE', '', '09354521657', '1979-02-07', 'M', 'M', '930 MRR TRACK ST., BRGY. BARANGKA IBABA', 163, NULL, NULL, NULL, 0, NULL, NULL, 6, '2023-11-11 18:11:06'),
(185, 'REYES ', 'ANDREW ', 'ARANA', '09726341982', '2002-10-12', 'M', 'S', '940 MRR TRACK ST., BRGY. BARANGKA IBABA', 177, NULL, NULL, NULL, 0, 1, '2023-11-16 21:07:30', 7, '2023-11-11 18:11:31'),
(186, 'CHAVEZ', 'ZIEN LLIAM', '', '09120354721', '2015-08-26', 'M', 'S', '930 MRR TRACK ST., BRGY. BARANGKA IBABA', 163, NULL, NULL, NULL, 0, NULL, NULL, 6, '2023-11-11 18:11:40'),
(187, 'CAYABYAB', 'MARZAL', '', '09874562345', '1975-03-30', 'M', 'S', '933 MRR TRACK ST., BRGY. BARANGKA IBABA', 3, NULL, NULL, NULL, 0, 2, '2023-11-11 18:11:56', 2, '2023-11-11 18:11:41'),
(188, 'VILLANUEVA', 'JONATHAN', '', '09663854344', '1983-09-22', 'M', 'S', '947 MRR TRACK ST., BARANGKA IBABA', 148, NULL, NULL, NULL, 0, NULL, NULL, 5, '2023-11-11 18:12:00'),
(189, 'NAING', 'JOHN FELIK', '', '09335410879', '1996-12-14', 'M', 'S', '930 MRR TRACK ST., BRGY. BARANGKA IBABA', 163, NULL, NULL, NULL, 0, NULL, NULL, 6, '2023-11-11 18:12:13'),
(190, 'REYES', 'ASHLEY MAE ', 'ARANA', '09175036630', '2004-01-19', 'F', 'S', '940 MRR TRACK ST., BRGY. BARANGKA IBABA', 177, NULL, NULL, NULL, 0, 1, '2023-11-16 21:07:33', 7, '2023-11-11 18:12:23'),
(191, 'NAING', 'REVIN', '', '09784562145', '1994-05-26', 'M', 'S', '930 MRR TRACK ST., BRGY. BARANGKA IBABA', 163, NULL, NULL, NULL, 0, NULL, NULL, 6, '2023-11-11 18:12:50'),
(192, 'REYES', 'AXCEL LANCE', 'ARANA', '09228457886', '2008-01-23', 'M', 'S', '940 MRR TRACK ST., BRGY. BARANGKA IBABA', 177, NULL, NULL, NULL, 0, 1, '2023-11-16 21:07:39', 7, '2023-11-11 18:13:38'),
(193, 'DORONELA', 'GELO', '', '09500526321', '1993-01-29', 'M', 'M', '930 MRR TRACK ST., BRGY. BARANGKA IBABA', 163, NULL, NULL, NULL, 0, NULL, NULL, 6, '2023-11-11 18:13:41'),
(194, 'ADONA', 'ROLANDO JR.', 'NUESTRO', '09366315523', '1992-12-26', 'M', 'S', '933 MRR TRACK ST., BRGY. BARANGKA IBABA', 3, NULL, NULL, NULL, 0, NULL, NULL, 2, '2023-11-11 18:13:58'),
(195, 'SERVILLON', 'JESSA', 'AGUILAR', '09423568741', '1993-03-26', 'F', 'M', '930 MRR TRACK ST., BRGY. BARANGKA IBABA', 163, NULL, NULL, NULL, 0, NULL, NULL, 6, '2023-11-11 18:14:15'),
(196, 'REYES ', 'YESHA ROSE', 'ARANA', '09169763280', '2017-02-01', 'F', 'S', '940 MRR TRACK ST., BRGY. BARANGKA IBABA', 177, NULL, NULL, NULL, 0, 1, '2023-11-16 21:07:46', 7, '2023-11-11 18:14:33'),
(197, 'DORONELA', 'GEORGINA BRITTANY', '', '09425627894', '2012-10-15', 'F', 'S', '930 MRR TRACK ST., BRGY. BARANGKA IBABA', 163, NULL, NULL, NULL, 0, NULL, NULL, 6, '2023-11-11 18:14:41'),
(198, 'DELOS REYES', 'MARICAR', 'SILVA', '09347736501', '1995-08-03', 'F', 'S', '933 MRR TRACK ST., BRGY. BARANGKA IBABA', 3, NULL, NULL, NULL, 0, NULL, NULL, 2, '2023-11-11 18:14:50'),
(199, 'DORONELA', 'SAMUEL MOISES', '', '09657354189', '2018-02-19', 'M', 'S', '930 MRR TRACK ST., BRGY. BARANGKA IBABA', 163, NULL, NULL, NULL, 0, NULL, NULL, 6, '2023-11-11 18:15:03'),
(200, 'ADONA', 'RONALD', '', '09277483746', '2005-05-27', 'M', 'S', '933 MRR TRACK ST., BRGY. BARANGKA IBABA', 3, NULL, NULL, NULL, 0, NULL, NULL, 2, '2023-11-11 18:16:12'),
(201, 'ADONA', 'MA. CHRISTINA', '', 'N/A', '2013-11-19', 'F', 'S', '933 MRR TRACK ST., BRGY. BARANGKA IBABA', 3, NULL, NULL, NULL, 0, NULL, NULL, 2, '2023-11-11 18:17:13'),
(202, 'SIMPORIOS', 'DARLINE', '', 'N/A', '2011-03-16', 'F', 'S', '933 MRR TRACK ST., BRGY. BARANGKA IBABA', 3, NULL, NULL, NULL, 0, NULL, NULL, 2, '2023-11-11 18:18:45'),
(203, 'KALALO', 'MARK DANIEL', '', 'N/A', '2012-11-22', 'M', 'S', '933 MRR TRACK ST., BRGY. BARANGKA IBABA', 3, NULL, NULL, NULL, 0, NULL, NULL, 2, '2023-11-11 18:20:23'),
(204, 'SIMPORIOS', 'CHIN-CHINDIANE', '', 'N/A', '2015-01-19', 'F', 'S', '933 MRR TRACK ST., BRGY. BARANGKA IBABA', 3, NULL, NULL, NULL, 0, NULL, NULL, 2, '2023-11-11 18:21:48'),
(205, 'CAYABYAB', 'JOHN CARLO', 'ADONA', 'N/A', '2010-02-18', 'M', 'S', '933 MRR TRACK ST., BRGY. BARANGKA IBABA', 3, NULL, NULL, NULL, 0, NULL, NULL, 2, '2023-11-11 18:45:30'),
(206, 'CAYABYAB', 'MARKY NICK', 'ADONA', 'N/A', '2012-11-22', 'M', 'S', '933 MRR TRACK ST., BRGY. BARANGKA IBABA', 3, NULL, NULL, NULL, 0, NULL, NULL, 2, '2023-11-11 18:48:48'),
(207, 'CAYABYAB', 'SAMMER DAY', 'ADONA', '', '2016-04-28', 'F', 'S', '933 MRR TRACK ST., BRGY. BARANGKA IBABA', 3, NULL, NULL, NULL, 0, NULL, NULL, 2, '2023-11-11 18:49:44'),
(208, 'CAYABYAB', 'WIN', 'ADONA', '', '2017-09-20', 'M', 'S', '933 MRR TRACK ST., BRGY. BARANGKA IBABA', 3, NULL, NULL, NULL, 0, NULL, NULL, 2, '2023-11-11 18:50:15'),
(209, 'ADONA', 'JOHN MARTIN', 'DELOS REYES', 'N/A', '2015-09-23', 'M', 'S', '933 MRR TRACK ST., BRGY. BARANGKA IBABA', 3, NULL, NULL, NULL, 0, NULL, NULL, 2, '2023-11-11 18:51:34'),
(210, 'AZARRAGA', 'ANDREA', 'DELGADO', '09738475653', '2001-10-15', 'F', 'M', '989 MRR ST., BRGY. IBABA', 210, NULL, NULL, NULL, 1, 1, '2023-11-15 08:16:38', 1, '2023-11-15 08:11:17'),
(211, 'AZARRAGA', 'ALLONAH', 'DELGADO', '09884756146', '2005-01-06', 'F', 'S', '989 MRR ST., BRGY. IBABA', 210, NULL, NULL, NULL, 1, 1, '2023-11-15 08:15:30', 1, '2023-11-15 08:14:34'),
(212, 'ALABADO', 'MEGUMI', 'PEREZ', '09837745612', '1997-03-06', 'F', 'S', '948 MRR TRACK ST., BRGY. BARANGKA IBABA', 4, NULL, NULL, NULL, 0, NULL, NULL, 1, '2023-11-16 20:12:40'),
(213, 'ALABADO', 'MARVI', 'PEREZ', '09723645711', '0092-04-09', 'M', 'S', '948 MRR TRACK ST., BRGY. BARANGKA IBABA', 4, NULL, NULL, NULL, 0, NULL, NULL, 1, '2023-11-16 20:13:23'),
(214, 'ROBLES', 'JAY-AR', 'PEREZ', '09776216235', '2000-02-07', 'M', 'S', '948 MRR TRACK ST., BRGY. BARANGKA IBABA', 4, NULL, NULL, NULL, 0, NULL, NULL, 1, '2023-11-16 20:14:45'),
(215, 'CALALO', 'MARGIE', 'QUILANTANG', 'N/A', '1981-03-09', 'F', 'S', '930A MRR TRACK ST., BRGY. BARANGKA IBABA', 5, NULL, NULL, NULL, 0, NULL, NULL, 1, '2023-11-16 20:17:10'),
(216, 'BUENA', 'VERGEL', 'CALALO', '09745568283', '1997-10-10', 'M', 'S', '930A MRR TRACK ST., BRGY. BARANGKA IBABA', 5, NULL, NULL, NULL, 0, 1, '2023-11-16 20:19:04', 1, '2023-11-16 20:18:19'),
(217, 'ALMADEN', 'CHRISTIAN', 'MENDOZA', '09837748592', '2000-04-20', 'M', 'S', '930A MRR TRACK ST., BRGY. BARANGKA IBABA', 5, NULL, NULL, NULL, 0, NULL, NULL, 1, '2023-11-16 20:20:20'),
(218, 'ALMADEN', 'CARL JAMES', 'MENDOZA', '09827384728', '2001-06-26', 'M', 'S', '930A MRR TRACK ST., BRGY. BARANGKA IBABA', 5, NULL, NULL, NULL, 0, NULL, NULL, 1, '2023-11-16 20:21:09'),
(219, 'ALMADEN', 'JOMARI', 'CALALO', '09728374837', '2007-09-22', 'M', 'S', '930A MRR TRACK ST., BRGY. BARANGKA IBABA', 5, NULL, NULL, NULL, 0, NULL, NULL, 1, '2023-11-16 20:21:48'),
(220, 'ANCIADO', 'RICARDO', 'GARCIA', 'N/A', '1963-05-07', 'M', 'M', '931A MRR TRACK ST., BRGY. BARANGKA IBABA', 6, NULL, NULL, NULL, 0, NULL, NULL, 1, '2023-11-16 20:26:45'),
(221, 'ANCIADO', 'RIZA', 'GUATLO', 'N/A', '1988-04-15', 'F', 'S', '931A MRR TRACK ST., BRGY. BARANGKA IBABA', 6, NULL, NULL, NULL, 0, NULL, NULL, 1, '2023-11-16 20:27:53'),
(222, 'ANCIADO', 'JUSTINE', '', '09827364572', '2006-12-07', 'F', 'S', '931A MRR TRACK ST., BRGY. BARANGKA IBABA', 6, NULL, NULL, NULL, 0, NULL, NULL, 1, '2023-11-16 20:28:42'),
(223, 'ANCIADO', 'JASMINE', '', 'N/A', '2011-08-04', 'F', 'S', '931A MRR TRACK ST., BRGY. BARANGKA IBABA', 6, NULL, NULL, NULL, 0, NULL, NULL, 1, '2023-11-16 20:29:21'),
(224, 'ANCIADO', 'VAN PHILIP', '', 'N/A', '2014-02-10', 'M', 'S', '931A MRR TRACK ST., BRGY. BARANGKA IBABA', 6, NULL, NULL, NULL, 0, NULL, NULL, 1, '2023-11-16 20:30:48'),
(225, 'ANCIADO', 'WIZLY', '', 'N/A', '2015-03-20', 'M', 'S', '931A MRR TRACK ST., BRGY. BARANGKA IBABA', 6, NULL, NULL, NULL, 0, NULL, NULL, 1, '2023-11-16 20:35:12'),
(226, 'ANCIADO', 'RHIC', '', 'N/A', '2018-06-10', 'M', 'S', '931A MRR TRACK ST., BRGY. BARANGKA IBABA', 6, NULL, NULL, NULL, 0, NULL, NULL, 1, '2023-11-16 20:35:44'),
(227, 'ARNAIZ', 'RACHEL', 'BERNARDO', '09837488273', '1989-10-26', 'F', 'S', '935 MRR TRACK ST., BRGY. BARANGKA IBABA', 7, NULL, NULL, NULL, 0, NULL, NULL, 1, '2023-11-16 20:37:05'),
(228, 'ARNAIZ', 'ROSARIO', 'BERNAL', '09355363791', '1986-11-13', 'F', 'M', '935 MRR TRACK ST., BRGY. BARANGKA IBABA', 7, NULL, NULL, NULL, 0, NULL, NULL, 1, '2023-11-16 20:38:34'),
(229, 'AVESTRUZ', 'GARY', 'SANTIAGO', '09773116528', '1975-08-19', 'M', 'M', '937 MRR TRACK ST., BRGY. BARANGKA IBABA', 8, NULL, NULL, NULL, 0, 1, '2023-11-16 20:44:52', 1, '2023-11-16 20:42:02'),
(230, 'AVESTRUZ', 'SHARON', 'OSWALDO', '09882371846', '1978-11-27', 'F', 'M', '937 MRR TRACK ST., BRGY. BARANGKA IBABA', 8, NULL, NULL, NULL, 0, 1, '2023-11-16 20:44:43', 1, '2023-11-16 20:43:23'),
(231, 'AVESTRUZ', 'GRAECIA', 'OSWALDO', '09223846473', '2002-12-14', 'F', 'S', '937 MRR TRACK ST., BRGY. BARANGKA IBABA', 8, NULL, NULL, NULL, 0, NULL, NULL, 1, '2023-11-16 20:44:35'),
(232, 'AVESTRUZ', 'GLYDEL', 'OSWALDO', '09388394576', '2007-01-06', 'F', 'S', '937 MRR TRACK ST., BRGY. BARANGKA IBABA', 8, NULL, NULL, NULL, 0, NULL, NULL, 1, '2023-11-16 20:45:37'),
(233, 'AVESTRUZ', 'SHAWN AERON', 'OSWALDO', 'N/A', '2012-02-18', 'M', 'S', '937 MRR TRACK ST., BRGY. BARANGKA IBABA', 8, NULL, NULL, NULL, 0, NULL, NULL, 1, '2023-11-16 20:46:09'),
(234, 'AYUMA', 'JESSICA', 'GOZON', '09289532070', '1990-05-22', 'F', 'S', '940 MRR TRACK ST., BRGY. BARANGKA IBABA', 9, NULL, NULL, NULL, 0, 1, '2023-11-16 20:48:30', 1, '2023-11-16 20:47:33'),
(235, 'AYUMAN', 'JOEY', 'GOZON', '09777953520', '1986-04-11', 'M', 'S', '940 MRR TRACK ST., BRGY. BARANGKA IBABA', 9, NULL, NULL, NULL, 0, NULL, NULL, 1, '2023-11-16 20:49:16'),
(236, 'AYUMAN', 'AZHREAL', '', 'N/A', '2010-08-05', 'F', 'S', '940 MRR TRACK ST., BRGY. BARANGKA IBABA', 9, NULL, NULL, NULL, 0, NULL, NULL, 1, '2023-11-16 20:50:43'),
(237, 'AYUMAN', 'JESSCEL', 'GOZON', '09817227354', '1985-09-18', 'F', 'S', '940 MRR TRACK ST., BRGY. BARANGKA IBABA', 9, NULL, NULL, NULL, 0, NULL, NULL, 1, '2023-11-16 20:51:26'),
(238, 'AYUMAN', 'MELVIN', 'GOZON', '09128335772', '1993-11-14', 'M', 'S', '940 MRR TRACK ST., BRGY. BARANGKA IBABA', 9, NULL, NULL, NULL, 0, NULL, NULL, 1, '2023-11-16 20:52:12'),
(239, 'AZARRAGA', 'JEFFREY', 'GOMID', '09605401870', '1968-09-29', 'M', 'M', '949 MRR TRACK ST., BRGY. BARANGKA IBABA', 10, NULL, NULL, NULL, 0, NULL, NULL, 1, '2023-11-16 20:53:24'),
(240, 'AZARRAGA', 'ANGEL', 'DELGADO', '09772177092', '2001-07-30', 'F', 'S', '949 MRR TRACK ST., BRGY. BARANGKA IBABA', 10, NULL, NULL, NULL, 0, NULL, NULL, 1, '2023-11-16 20:53:55'),
(241, 'AZARRAGA', 'ANDREA', 'DELGADO', '09567861769', '2004-10-15', 'F', 'S', '949 MRR TRACK ST., BRGY. BARANGKA IBABA', 10, NULL, NULL, NULL, 0, NULL, NULL, 1, '2023-11-16 20:54:48'),
(242, 'AZARRAGA', 'ALDEN', 'DELGADO', 'N/A', '2007-05-27', 'M', 'S', '949 MRR TRACK ST., BRGY. BARANGKA IBABA', 10, NULL, NULL, NULL, 0, NULL, NULL, 1, '2023-11-16 20:55:13'),
(243, 'AZARRAGA', 'ALLONAH', 'DELGADO', 'N/A', '2009-01-06', 'F', 'S', '949 MRR TRACK ST., BRGY. BARANGKA IBABA', 10, NULL, NULL, NULL, 0, NULL, NULL, 1, '2023-11-16 20:55:32'),
(244, 'DELGADO', 'LUCIA', 'TAGNAWA', 'N/A', '1946-03-14', 'F', 'W', '949 MRR TRACK ST., BRGY. BARANGKA IBABA', 10, NULL, NULL, NULL, 0, 1, '2023-11-16 20:57:27', 1, '2023-11-16 20:56:12'),
(245, 'LUMEN', 'DAISY', 'BERNAL', '09765456786', '1973-06-17', 'F', 'M', '941 MRR TRACK ST., BRGY. BARANGKA IBABA', 19, NULL, NULL, NULL, 0, NULL, NULL, 1, '2023-11-16 21:00:23'),
(246, 'BERNAL', 'DANIEL', 'GARUDA', '0923884958', '1975-07-31', 'M', 'S', '941 MRR TRACK ST., BRGY. BARANGKA IBABA', 19, NULL, NULL, NULL, 0, NULL, NULL, 1, '2023-11-16 21:01:37'),
(247, 'BERNAL', 'DENNIS', 'GARUDA', '09951665871', '1978-09-07', 'M', 'M', '941 MRR TRACK ST., BRGY. BARANGKA IBABA', 19, NULL, NULL, NULL, 0, 1, '2023-11-16 21:02:53', 1, '2023-11-16 21:02:05'),
(248, 'BERNAL', 'MARIVIC', 'TOLENTINO', '09555768393', '1977-10-28', 'F', 'M', '941 MRR TRACK ST., BRGY. BARANGKA IBABA', 19, NULL, NULL, NULL, 0, NULL, NULL, 1, '2023-11-16 21:03:48'),
(249, 'BERNAL', 'DENICE MARIE', 'TOLENTINO', '09288493849', '2002-03-05', 'F', 'S', '941 MRR TRACK ST., BRGY. BARANGKA IBABA', 19, NULL, NULL, NULL, 0, NULL, NULL, 1, '2023-11-16 21:04:22'),
(250, 'BERNAL', 'MARIA DHARLENE', 'TOLENTINO', 'N/A', '2011-09-08', 'F', 'S', '941 MRR TRACK ST., BRGY. BARANGKA IBABA', 19, NULL, NULL, NULL, 0, NULL, NULL, 1, '2023-11-16 21:05:02');

-- --------------------------------------------------------

--
-- Table structure for table `evac_center`
--

CREATE TABLE `evac_center` (
  `id` int(6) NOT NULL,
  `name` varchar(50) DEFAULT NULL,
  `address` varchar(255) DEFAULT NULL,
  `contact` varchar(15) DEFAULT NULL,
  `deletedflag` int(1) DEFAULT 0,
  `updated_by` int(6) DEFAULT NULL,
  `updated_date` datetime DEFAULT NULL,
  `created_by` int(6) DEFAULT NULL,
  `created_date` datetime DEFAULT current_timestamp()
) ENGINE=InnoDB DEFAULT CHARSET=utf8mb4 COLLATE=utf8mb4_general_ci;

--
-- Dumping data for table `evac_center`
--

INSERT INTO `evac_center` (`id`, `name`, `address`, `contact`, `deletedflag`, `updated_by`, `updated_date`, `created_by`, `created_date`) VALUES
(1, 'P. CRUZ COVERED COURT', '\'985 MRR TRACK ST., BRGY. BARANGKA IBABA', '2987-70824', 0, NULL, NULL, 1, '2023-11-09 21:12:36'),
(2, 'BARANGAY BARANGKA IBABA COVERED COURT', '856 E. PANTALEON ST., BRGY. BARANGKA IBABA', '2423-43244', 0, NULL, NULL, 1, '2023-11-09 21:13:05'),
(3, 'SAN ROQUE PARISH', '51 SAN ROQUE ST., BRGY. BARANGKA  ILAYA', '2453-50454', 0, NULL, NULL, 1, '2023-11-09 21:13:39'),
(4, 'CITY OF MANDALUYONG SCIENCE HIGH SCHOOL', '739 E. PANTALEON ST., BRGY. HULO', '09123456789', 0, 2, '2023-11-12 15:44:26', 1, '2023-11-09 21:13:57'),
(5, 'ILAYA BARANGKA AMPITHEATRE', '1035 S.CRUZ ST., BRGY. BARANGKA ILAYA', '09185098264', 0, NULL, NULL, 1, '2023-11-09 21:14:15'),
(6, 'ST. JUDE CHAPEL', '845 E. PANTALEON ST., BRGY. BARANGKA IBABA', '2763-73664', 0, NULL, NULL, 1, '2023-11-09 21:14:35'),
(7, 'MRR COVERED COURT', '993 MRR TRACK ST., BRGY. BARANGKA ITAAS', '09456789014', 0, NULL, NULL, 1, '2023-11-09 21:15:01'),
(8, 'PEDRO P. CRUZ ELEMENTARY SCHOOL', '450 MARIA CLARA ST., BRGY. BARANGKA DRIVE', '09351694010', 0, NULL, NULL, 1, '2023-11-09 21:15:16'),
(9, 'ILAYA BARANGKA INTEGRATED SCHOOL', '49 LION\'S RD., BRGY. BARANGKA ILAYA', '2894-20080', 0, NULL, NULL, 1, '2023-11-09 21:15:37'),
(10, 'RIZAL TECHNOLOGICAL UNIVERSITY', '661A SACREPANTE ST., BONI AVE, BRGY. MALAMIG', '2853-483267', 0, NULL, NULL, 1, '2023-11-09 21:15:53'),
(11, 'BARANGKA ILAYA BASKETBALL COURT', '70 ILAYA ST., BRGY. BARANGKA ILAYA', '2643-19345', 0, NULL, NULL, 1, '2023-11-09 21:16:13'),
(12, 'BONIFACIO JAVIER NATIONAL HIGH SCHOOL', '761 SGT. BUMATAY ST., BRGY. BARANGKA DRIVE', '2654-98765', 0, NULL, NULL, 1, '2023-11-09 21:16:40'),
(13, 'SAN ANTONIO SUB-PARISH', '526 TALAYAN ST., BRGY. BARANGKA DRIVE', '09674513613', 0, NULL, NULL, 1, '2023-11-09 21:17:00'),
(14, 'HULO INTEAGRATED SCHOOL', '789 PANTELEON ST., BRGY. HUL', '09736452435', 1, 1, '2023-11-15 08:09:08', 1, '2023-11-15 08:08:37');

-- --------------------------------------------------------

--
-- Table structure for table `incident`
--

CREATE TABLE `incident` (
  `id` int(6) NOT NULL,
  `name` varchar(50) DEFAULT NULL,
  `deletedflag` int(1) DEFAULT 0,
  `updated_by` int(6) DEFAULT NULL,
  `updated_date` datetime DEFAULT NULL,
  `created_by` int(6) DEFAULT NULL,
  `created_date` datetime DEFAULT current_timestamp()
) ENGINE=InnoDB DEFAULT CHARSET=utf8mb4 COLLATE=utf8mb4_general_ci;

--
-- Dumping data for table `incident`
--

INSERT INTO `incident` (`id`, `name`, `deletedflag`, `updated_by`, `updated_date`, `created_by`, `created_date`) VALUES
(1, 'FLOOD', 0, NULL, NULL, 1, '2023-11-09 21:08:09'),
(2, 'FIRE', 0, NULL, NULL, 1, '2023-11-09 21:08:13'),
(3, 'TYPHOON', 0, NULL, NULL, 1, '2023-11-09 21:08:18'),
(4, 'EARTHQUAKE', 0, NULL, NULL, 1, '2023-11-09 21:08:30'),
(5, 'WILDFIRE', 0, 1, '2023-11-12 12:10:40', 1, '2023-11-09 21:08:39'),
(6, 'TORNADO', 0, NULL, NULL, 1, '2023-11-09 21:08:44'),
(7, 'CHEMICAL SPILL', 0, 2, '2023-11-12 15:43:52', 1, '2023-11-09 21:08:49'),
(8, 'GAS LEAK', 0, NULL, NULL, 1, '2023-11-09 21:08:52'),
(9, 'EXPLOSION', 0, NULL, NULL, 1, '2023-11-09 21:08:57'),
(10, 'HEATWAVE', 0, NULL, NULL, 1, '2023-11-09 21:09:01'),
(11, 'SINKHOLE', 0, NULL, NULL, 1, '2023-11-09 21:09:06'),
(12, 'PROTEST', 0, NULL, NULL, 1, '2023-11-09 21:09:12'),
(13, 'RIOT', 0, NULL, NULL, 1, '2023-11-09 21:09:15'),
(14, 'TERRORIST ATTACK', 0, NULL, NULL, 1, '2023-11-09 21:09:29'),
(15, 'OIL SPILL', 0, NULL, NULL, 2, '2023-11-12 15:43:32'),
(16, 'DEMOLITIONS', 1, 1, '2023-11-15 08:07:25', 1, '2023-11-15 08:06:48');

-- --------------------------------------------------------

--
-- Table structure for table `incident_archive`
--

CREATE TABLE `incident_archive` (
  `id` int(6) NOT NULL,
  `evacuee_id` int(6) NOT NULL,
  `incident_id` int(6) NOT NULL,
  `incident_date` datetime NOT NULL,
  `evac_id` int(6) NOT NULL,
  `deletedflag` int(1) DEFAULT 0,
  `updated_by` int(6) DEFAULT NULL,
  `updated_date` datetime DEFAULT NULL,
  `created_by` int(6) DEFAULT NULL,
  `created_date` datetime DEFAULT current_timestamp()
) ENGINE=InnoDB DEFAULT CHARSET=utf8mb4 COLLATE=utf8mb4_general_ci;

--
-- Dumping data for table `incident_archive`
--

INSERT INTO `incident_archive` (`id`, `evacuee_id`, `incident_id`, `incident_date`, `evac_id`, `deletedflag`, `updated_by`, `updated_date`, `created_by`, `created_date`) VALUES
(1, 1, 2, '2023-11-09 22:15:00', 1, 0, NULL, NULL, 1, '2023-11-09 22:17:00'),
(2, 11, 2, '2023-11-09 22:15:00', 1, 0, NULL, NULL, 1, '2023-11-09 22:17:00'),
(3, 12, 2, '2023-11-09 22:15:00', 1, 0, NULL, NULL, 1, '2023-11-09 22:17:00'),
(4, 13, 2, '2023-11-09 22:15:00', 1, 0, NULL, NULL, 1, '2023-11-09 22:17:00'),
(5, 14, 2, '2023-11-09 22:15:00', 1, 0, NULL, NULL, 1, '2023-11-09 22:17:00'),
(6, 15, 2, '2023-11-09 22:15:00', 1, 0, NULL, NULL, 1, '2023-11-09 22:17:00'),
(7, 16, 2, '2023-11-09 22:15:00', 1, 0, NULL, NULL, 1, '2023-11-09 22:17:00'),
(8, 17, 2, '2023-11-09 22:15:00', 1, 0, NULL, NULL, 1, '2023-11-09 22:17:00'),
(9, 18, 2, '2023-11-09 22:15:00', 1, 0, NULL, NULL, 1, '2023-11-09 22:17:00'),
(10, 1, 2, '2023-11-09 22:15:00', 1, 0, NULL, NULL, 1, '2023-11-11 00:11:50'),
(11, 2, 8, '2023-11-10 19:55:00', 6, 0, NULL, NULL, 1, '2023-11-11 00:11:50'),
(12, 11, 2, '2023-11-09 22:15:00', 1, 0, NULL, NULL, 1, '2023-11-11 00:11:50'),
(13, 12, 2, '2023-11-09 22:15:00', 1, 0, NULL, NULL, 1, '2023-11-11 00:11:50'),
(14, 13, 2, '2023-11-09 22:15:00', 1, 0, NULL, NULL, 1, '2023-11-11 00:11:50'),
(15, 14, 2, '2023-11-09 22:15:00', 1, 0, NULL, NULL, 1, '2023-11-11 00:11:50'),
(16, 15, 2, '2023-11-09 22:15:00', 1, 0, NULL, NULL, 1, '2023-11-11 00:11:50'),
(17, 16, 2, '2023-11-09 22:15:00', 1, 0, NULL, NULL, 1, '2023-11-11 00:11:50'),
(18, 17, 2, '2023-11-09 22:15:00', 1, 0, NULL, NULL, 1, '2023-11-11 00:11:50'),
(19, 18, 2, '2023-11-09 22:15:00', 1, 0, NULL, NULL, 1, '2023-11-11 00:11:50'),
(20, 20, 8, '2023-11-10 19:55:00', 6, 0, NULL, NULL, 1, '2023-11-11 00:11:50'),
(21, 21, 8, '2023-11-10 19:55:00', 6, 0, NULL, NULL, 1, '2023-11-11 00:11:50'),
(22, 22, 8, '2023-11-10 19:55:00', 6, 0, NULL, NULL, 1, '2023-11-11 00:11:50'),
(23, 23, 8, '2023-11-10 19:55:00', 6, 0, NULL, NULL, 1, '2023-11-11 00:11:50'),
(24, 1, 3, '2023-11-09 00:13:00', 6, 0, NULL, NULL, 1, '2023-11-11 15:58:01'),
(25, 2, 4, '2023-11-09 00:13:00', 1, 0, NULL, NULL, 1, '2023-11-11 15:58:01'),
(26, 11, 3, '2023-11-09 00:13:00', 6, 0, NULL, NULL, 1, '2023-11-11 15:58:01'),
(27, 12, 3, '2023-11-09 00:13:00', 6, 0, NULL, NULL, 1, '2023-11-11 15:58:01'),
(28, 13, 3, '2023-11-09 00:13:00', 6, 0, NULL, NULL, 1, '2023-11-11 15:58:01'),
(29, 14, 3, '2023-11-09 00:13:00', 6, 0, NULL, NULL, 1, '2023-11-11 15:58:01'),
(30, 15, 3, '2023-11-09 00:13:00', 6, 0, NULL, NULL, 1, '2023-11-11 15:58:01'),
(31, 16, 3, '2023-11-09 00:13:00', 6, 0, NULL, NULL, 1, '2023-11-11 15:58:01'),
(32, 17, 3, '2023-11-09 00:13:00', 6, 0, NULL, NULL, 1, '2023-11-11 15:58:01'),
(33, 18, 3, '2023-11-09 00:13:00', 6, 0, NULL, NULL, 1, '2023-11-11 15:58:01'),
(34, 20, 4, '2023-11-09 00:13:00', 1, 0, NULL, NULL, 1, '2023-11-11 15:58:01'),
(35, 21, 4, '2023-11-09 00:13:00', 1, 0, NULL, NULL, 1, '2023-11-11 15:58:01'),
(36, 22, 4, '2023-11-09 00:13:00', 1, 0, NULL, NULL, 1, '2023-11-11 15:58:01'),
(37, 23, 4, '2023-11-09 00:13:00', 1, 0, NULL, NULL, 1, '2023-11-11 15:58:01'),
(38, 2, 1, '2023-11-11 16:37:00', 13, 0, NULL, NULL, 2, '2023-11-11 16:40:35'),
(39, 20, 1, '2023-11-11 16:37:00', 13, 0, NULL, NULL, 2, '2023-11-11 16:40:35'),
(40, 21, 1, '2023-11-11 16:37:00', 13, 0, NULL, NULL, 2, '2023-11-11 16:40:35'),
(41, 22, 1, '2023-11-11 16:37:00', 13, 0, NULL, NULL, 2, '2023-11-11 16:40:35'),
(42, 23, 1, '2023-11-11 16:37:00', 13, 0, NULL, NULL, 2, '2023-11-11 16:40:35'),
(43, 1, 8, '2023-11-10 22:40:00', 13, 0, NULL, NULL, 2, '2023-11-12 21:42:04'),
(44, 2, 2, '2023-11-09 12:54:00', 13, 0, NULL, NULL, 2, '2023-11-12 21:42:04'),
(45, 11, 8, '2023-11-10 22:40:00', 13, 0, NULL, NULL, 2, '2023-11-12 21:42:04'),
(46, 12, 8, '2023-11-10 22:40:00', 13, 0, NULL, NULL, 2, '2023-11-12 21:42:04'),
(47, 13, 8, '2023-11-10 22:40:00', 13, 0, NULL, NULL, 2, '2023-11-12 21:42:04'),
(48, 14, 8, '2023-11-10 22:40:00', 13, 0, NULL, NULL, 2, '2023-11-12 21:42:04'),
(49, 15, 8, '2023-11-10 22:40:00', 13, 0, NULL, NULL, 2, '2023-11-12 21:42:04'),
(50, 16, 8, '2023-11-10 22:40:00', 13, 0, NULL, NULL, 2, '2023-11-12 21:42:04'),
(51, 17, 8, '2023-11-10 22:40:00', 13, 0, NULL, NULL, 2, '2023-11-12 21:42:04'),
(52, 18, 8, '2023-11-10 22:40:00', 13, 0, NULL, NULL, 2, '2023-11-12 21:42:04'),
(53, 20, 2, '2023-11-09 12:54:00', 13, 0, NULL, NULL, 2, '2023-11-12 21:42:04'),
(54, 21, 2, '2023-11-09 12:54:00', 13, 0, NULL, NULL, 2, '2023-11-12 21:42:04'),
(55, 22, 2, '2023-11-09 12:54:00', 13, 0, NULL, NULL, 2, '2023-11-12 21:42:04'),
(56, 23, 2, '2023-11-09 12:54:00', 13, 0, NULL, NULL, 2, '2023-11-12 21:42:04'),
(57, 1, 2, '2023-11-01 21:37:00', 1, 0, NULL, NULL, 1, '2023-11-15 08:21:42'),
(58, 11, 2, '2023-11-01 21:37:00', 1, 0, NULL, NULL, 1, '2023-11-15 08:21:42'),
(59, 12, 2, '2023-11-01 21:37:00', 1, 0, NULL, NULL, 1, '2023-11-15 08:21:42'),
(60, 13, 2, '2023-11-01 21:37:00', 1, 0, NULL, NULL, 1, '2023-11-15 08:21:42'),
(61, 14, 2, '2023-11-01 21:37:00', 1, 0, NULL, NULL, 1, '2023-11-15 08:21:42'),
(62, 15, 2, '2023-11-01 21:37:00', 1, 0, NULL, NULL, 1, '2023-11-15 08:21:42'),
(63, 16, 2, '2023-11-01 21:37:00', 1, 0, NULL, NULL, 1, '2023-11-15 08:21:42'),
(64, 17, 2, '2023-11-01 21:37:00', 1, 0, NULL, NULL, 1, '2023-11-15 08:21:42'),
(65, 18, 2, '2023-11-01 21:37:00', 1, 0, NULL, NULL, 1, '2023-11-15 08:21:42'),
(66, 2, 2, '2023-11-15 16:17:00', 7, 0, NULL, NULL, 1, '2023-11-15 08:21:42'),
(67, 20, 2, '2023-11-15 16:17:00', 7, 0, NULL, NULL, 1, '2023-11-15 08:21:42'),
(68, 21, 2, '2023-11-15 16:17:00', 7, 0, NULL, NULL, 1, '2023-11-15 08:21:42'),
(69, 22, 2, '2023-11-15 16:17:00', 7, 0, NULL, NULL, 1, '2023-11-15 08:21:42'),
(70, 23, 2, '2023-11-15 16:17:00', 7, 0, NULL, NULL, 1, '2023-11-15 08:21:42');

-- --------------------------------------------------------

--
-- Table structure for table `users`
--

CREATE TABLE `users` (
  `id` int(6) NOT NULL,
  `username` varchar(50) DEFAULT NULL,
  `fullname` varchar(50) DEFAULT NULL,
  `password` varchar(255) DEFAULT NULL,
  `contact` varchar(15) DEFAULT NULL,
  `birthday` date DEFAULT NULL,
  `category` varchar(1) DEFAULT NULL,
  `active` int(1) DEFAULT 1,
  `deletedflag` int(1) DEFAULT 0,
  `updated_by` int(6) DEFAULT NULL,
  `updated_date` datetime DEFAULT NULL,
  `created_by` int(6) DEFAULT NULL,
  `created_date` datetime DEFAULT current_timestamp()
) ENGINE=InnoDB DEFAULT CHARSET=utf8mb4 COLLATE=utf8mb4_general_ci;

--
-- Dumping data for table `users`
--

INSERT INTO `users` (`id`, `username`, `fullname`, `password`, `contact`, `birthday`, `category`, `active`, `deletedflag`, `updated_by`, `updated_date`, `created_by`, `created_date`) VALUES
(1, 'ADMIN', 'ADMIN', '*23AE809DDACAF96AF0FD78ED04B6A265E05AA257', '09999999999', '2001-08-20', 'A', 0, 0, 1, '2023-11-11 00:13:07', 1, '2023-11-09 21:07:05'),
(2, 'ANGEL', 'ANGEL AZARRAGA', '*23AE809DDACAF96AF0FD78ED04B6A265E05AA257', '09772177092', '2001-07-30', 'S', 0, 0, 1, '2023-11-11 16:08:12', 1, '2023-11-09 21:07:05'),
(3, 'STAFF', 'RUTH JIMENEZ', '*69156C3775BC63A03BDF56AD0B48E2BE5DF601DD', '09999999999', '2001-12-03', 'S', 0, 1, 1, '2023-11-11 16:07:57', 1, '2023-11-09 21:07:05'),
(4, 'RVJIMENEZ', 'RUTH JIMENEZ', '*AF5B74738CA28DA6A34F0D1634FB495CC1FCDF10', '09152414936', '2001-12-03', 'S', 1, 0, NULL, NULL, 1, '2023-11-11 16:10:57'),
(5, 'ROLSCALMERIN', 'ROWIN CALMERIN', '*3E1DBB22FA8E75EF03187ACDDAE3B3C208C390A8', '09683134227', '2002-07-22', 'S', 1, 0, NULL, NULL, 1, '2023-11-11 16:48:37'),
(6, 'RENZOOOOOWWWWW', 'RENZ WILEN RACELIS', '*3306DCFD61B084F24EBFC31845EB92024CEABD65', '09995517713', '2002-05-02', 'S', 0, 0, 6, '2023-11-11 17:03:15', 1, '2023-11-11 16:56:43'),
(7, 'KATH123', 'KATRINA MORDENO', '*CB8016B6C7813048E5CEFC7F94508F0F75FA4330', '09159755068', '2002-05-25', 'S', 1, 0, NULL, NULL, 1, '2023-11-11 17:05:40'),
(8, 'ALIMERC', 'ANTONIUS LIENZE MERCADEJAS', '*8DC54F2E15823C98AEA063E339A5D4C53D1A471A', '09876337465', '1989-07-07', 'S', 1, 0, NULL, NULL, 1, '2023-11-13 00:15:37'),
(9, 'GJSTR', 'SATORU GOJO', '*00A51F3F48415C7D4E8908980D443C29C69B60C9', '09873645284', '1989-12-07', 'S', 1, 1, 1, '2023-11-15 08:25:27', 1, '2023-11-15 08:24:59');

--
-- Indexes for dumped tables
--

--
-- Indexes for table `evacuee`
--
ALTER TABLE `evacuee`
  ADD PRIMARY KEY (`id`),
  ADD KEY `representative` (`representative`),
  ADD KEY `updated_by` (`updated_by`),
  ADD KEY `created_by` (`created_by`),
  ADD KEY `evac_id` (`evac_id`),
  ADD KEY `incident_id` (`incident_id`);

--
-- Indexes for table `evac_center`
--
ALTER TABLE `evac_center`
  ADD PRIMARY KEY (`id`),
  ADD KEY `updated_by` (`updated_by`),
  ADD KEY `created_by` (`created_by`);

--
-- Indexes for table `incident`
--
ALTER TABLE `incident`
  ADD PRIMARY KEY (`id`),
  ADD KEY `updated_by` (`updated_by`),
  ADD KEY `created_by` (`created_by`);

--
-- Indexes for table `incident_archive`
--
ALTER TABLE `incident_archive`
  ADD PRIMARY KEY (`id`),
  ADD KEY `evacuee_id` (`evacuee_id`),
  ADD KEY `incident_id` (`incident_id`),
  ADD KEY `evac_id` (`evac_id`);

--
-- Indexes for table `users`
--
ALTER TABLE `users`
  ADD PRIMARY KEY (`id`),
  ADD KEY `updated_by` (`updated_by`),
  ADD KEY `created_by` (`created_by`);

--
-- AUTO_INCREMENT for dumped tables
--

--
-- AUTO_INCREMENT for table `evacuee`
--
ALTER TABLE `evacuee`
  MODIFY `id` int(6) NOT NULL AUTO_INCREMENT, AUTO_INCREMENT=251;

--
-- AUTO_INCREMENT for table `evac_center`
--
ALTER TABLE `evac_center`
  MODIFY `id` int(6) NOT NULL AUTO_INCREMENT, AUTO_INCREMENT=15;

--
-- AUTO_INCREMENT for table `incident`
--
ALTER TABLE `incident`
  MODIFY `id` int(6) NOT NULL AUTO_INCREMENT, AUTO_INCREMENT=17;

--
-- AUTO_INCREMENT for table `incident_archive`
--
ALTER TABLE `incident_archive`
  MODIFY `id` int(6) NOT NULL AUTO_INCREMENT, AUTO_INCREMENT=71;

--
-- AUTO_INCREMENT for table `users`
--
ALTER TABLE `users`
  MODIFY `id` int(6) NOT NULL AUTO_INCREMENT, AUTO_INCREMENT=10;

--
-- Constraints for dumped tables
--

--
-- Constraints for table `evacuee`
--
ALTER TABLE `evacuee`
  ADD CONSTRAINT `evacuee_ibfk_1` FOREIGN KEY (`representative`) REFERENCES `evacuee` (`id`),
  ADD CONSTRAINT `evacuee_ibfk_2` FOREIGN KEY (`updated_by`) REFERENCES `users` (`id`),
  ADD CONSTRAINT `evacuee_ibfk_3` FOREIGN KEY (`created_by`) REFERENCES `users` (`id`),
  ADD CONSTRAINT `evacuee_ibfk_4` FOREIGN KEY (`evac_id`) REFERENCES `evac_center` (`id`),
  ADD CONSTRAINT `evacuee_ibfk_5` FOREIGN KEY (`incident_id`) REFERENCES `incident` (`id`);

--
-- Constraints for table `evac_center`
--
ALTER TABLE `evac_center`
  ADD CONSTRAINT `evac_center_ibfk_1` FOREIGN KEY (`updated_by`) REFERENCES `users` (`id`),
  ADD CONSTRAINT `evac_center_ibfk_2` FOREIGN KEY (`created_by`) REFERENCES `users` (`id`);

--
-- Constraints for table `incident`
--
ALTER TABLE `incident`
  ADD CONSTRAINT `incident_ibfk_1` FOREIGN KEY (`updated_by`) REFERENCES `users` (`id`),
  ADD CONSTRAINT `incident_ibfk_2` FOREIGN KEY (`created_by`) REFERENCES `users` (`id`);

--
-- Constraints for table `incident_archive`
--
ALTER TABLE `incident_archive`
  ADD CONSTRAINT `incident_archive_ibfk_1` FOREIGN KEY (`evacuee_id`) REFERENCES `evacuee` (`id`),
  ADD CONSTRAINT `incident_archive_ibfk_2` FOREIGN KEY (`incident_id`) REFERENCES `incident` (`id`),
  ADD CONSTRAINT `incident_archive_ibfk_3` FOREIGN KEY (`evac_id`) REFERENCES `evac_center` (`id`);

--
-- Constraints for table `users`
--
ALTER TABLE `users`
  ADD CONSTRAINT `users_ibfk_1` FOREIGN KEY (`updated_by`) REFERENCES `users` (`id`),
  ADD CONSTRAINT `users_ibfk_2` FOREIGN KEY (`created_by`) REFERENCES `users` (`id`);
COMMIT;

/*!40101 SET CHARACTER_SET_CLIENT=@OLD_CHARACTER_SET_CLIENT */;
/*!40101 SET CHARACTER_SET_RESULTS=@OLD_CHARACTER_SET_RESULTS */;
/*!40101 SET COLLATION_CONNECTION=@OLD_COLLATION_CONNECTION */;
